Program,Ver,Arguments,St.,C,D,Size ,%,C.Time ,%,D.Time ,%,Time,Rating,c/d ,R.S.E.,c/d ,R.R.E.,c/d ,Output ,C.M,D.M
zhuff,0.7,-t4,½****,0,1,1 349 988 525,40.9,8.32,373,6.37,307,15s,60,97/11,1698,1955/1363,0,0/0,1 349 948 050,45,42
zhuff,0.7,-t3,½****,1,0,1 349 988 525,40.9,9.17,333,6.37,301,16s,56,88/11,1606,1775/1363,0,0/0,1 349 948 050,36,34
zhuff,0.7,-t2,***,2,2,1 349 988 525,40.9,12.56,230,7.08,265,20s,45,64/10,1271,1295/1227,0,0/0,1 349 948 050,27,26
nanozip,0.09a,-m.5g -cd,*****,0,0,975 311 042,29.6,46.53,360,24.28,297,1m 11s,796,1116/181,1229,1220/1248,27,37/6,975 188 162,521,400
4x4,0.2a,3,****,0,2,1 290 625 233,39.1,14.61,362,11.12,354,26s,66,107/12,1182,1358/952,0,0/0,1 290 383 944,120,90
lzturbo,0.95,-41,****,0,2,1 207 541 975,36.6,20.17,329,17.7,326,38s,113,195/19,1060,1297/789,0,0/0,1 207 441 782,300,367
nanozip,0.09a,-m.5g -cD,*****,0,0,882 175 527,26.7,95.8,359,25.37,305,2m  1s,1309,1527/487,980,808/1629,123,143/46,882 052 647,536,319
nanozip,0.09a,-m.5g -cf,½**,0,5,1 229 920 678,37.3,16.09,344,22.55,300,39s,86,191/11,964,1509/575,0,0/0,1 229 797 798,559,567
4x4,0.2a,2,½*,3,4,1 384 703 061,42,13.08,359,11.54,358,25s,24,42/4,903,1108/670,0,0/0,1 384 461 772,121,93
nanozip,0.09a,-m.5g -cF,½***,0,3,1 108 529 520,33.6,33.36,360,31.84,337,1m  5s,197,354/31,856,1091/610,1,3/0,1 108 406 640,551,559
lz4,1,-c0t4,****,0,2,1 670 093 423,50.6,5.9,332,5.86,167,12s,2,4/0,730,948/510,0,0/0,1 670 050 762,44,41
qpress,0.39,L2,½*,4,3,1 562 970 506,47.4,10.12,386,6.81,327,17s,5,7/1,725,790/627,0,0/0,1 562 887 356,3,3
qpress,1.1,L2,*,4,4,1 562 970 595,47.4,10.11,386,6.84,326,17s,5,7/1,724,792/624,0,0/0,1 562 887 356,3,3
qpress,0.34,L2,½**,2,3,1 562 947 991,47.4,9.87,384,7.39,337,17s,5,8/1,711,810/578,0,0/0,1 562 887 356,3,3
nanozip,0.09a,-m.5g -cdp,½***,1,2,905 169 033,27.4,125.92,290,28.93,202,2m 35s,793,900/331,710,569/1323,58,65/24,905 046 153,529,391
freearc,0.6,-mex2,½**,0,8,938 324 780,28.4,70.44,275,68.62,184,2m 19s,611,1113/96,708,912/500,31,56/5,938 251 052,223,235
qpress,0.34,L1,½***,0,3,1 674 856 693,50.8,5.65,369,6.37,318,12s,2,4/0,703,975/462,0,0/0,1 674 796 058,3,3
nanozip,0.09a,-m.5g -cf -p1,***,0,4,1 206 220 046,36.6,26.5,174,31.58,160,58s,75,151/11,694,992/444,0,0/0,1 206 097 166,546,554
zhuff,0.7,-t1,**,3,3,1 349 988 525,40.9,23.45,119,12.67,145,36s,24,34/5,691,694/686,0,0/0,1 349 948 050,18,18
qpress,0.35b,L2,½*,3,4,1 562 948 014,47.4,10.08,387,7.72,331,18s,5,8/1,690,794/553,0,0/0,1 562 887 356,3,3
qpress,1.1,L1,***,1,3,1 674 879 297,50.8,5.95,369,6.33,325,12s,2,4/0,688,926/465,0,0/0,1 674 796 058,3,3
nanozip,0.08a,-m.5g -cd,½**,1,4,937 076 766,28.4,107.42,119,36.73,170,2m 24s,598,740/183,686,600/937,30,38/9,936 947 230,528,395
freearc,0.6,-mex3,*****,0,0,826 518 667,25,120.86,302,88.11,218,3m 29s,1409,2247/260,684,771/565,246,392/45,826 444 939,220,240
freearc,0.666,-m2,½**,0,8,927 615 799,28.1,73.91,272,75.7,203,2m 30s,640,1194/99,682,900/469,36,68/6,927 540 023,212,241
qpress,0.39,L1,**,2,4,1 674 879 208,50.8,6.06,367,6.39,321,12s,2,4/0,679,909/460,0,0/0,1 674 796 058,3,3
nanozip,0.09a,-m.5g -cdP,****,1,1,884 252 106,26.8,146.81,300,27.92,204,2m 55s,887,974/433,675,524/1470,81,89/40,884 129 226,533,391
qpress,0.35b,L1,½**,1,4,1 674 856 716,50.8,6,368,6.67,317,13s,2,4/0,667,918/441,0,0/0,1 674 796 058,3,3
nanozip,0.08a,-m.5g -cdp,½**,2,3,907 393 698,27.5,128.17,272,36.75,172,2m 45s,727,862/254,662,555/1034,52,61/18,907 264 162,529,395
nanozip,0.09a,-m.5g -cd -p1,***,1,3,934 736 671,28.3,117,117,34,171,2m 31s,586,697/203,660,555/1020,31,36/11,934 613 791,528,391
nanozip,0.09a,-m.5g -cF -p1,**,1,10,1 065 635 784,32.3,50.58,137,48.95,139,1m 40s,207,376/33,647,830/458,3,5/0,1 065 512 904,544,552
freearc,0.666,-m3,½****,0,1,825 660 724,25,130.56,300,92.03,225,3m 43s,1336,2099/252,644,716/542,235,369/44,825 584 948,240,245
lz4,0.9,-t4,*,3,7,1 681 259 224,50.9,6.43,340,6.64,173,13s,2,3/0,633,838/434,0,0/0,1 681 221 210,84,82
nanozip,0.08a,-m.5g -cdP,***,2,2,890 209 290,27,149.55,283,36.2,173,3m  6s,781,895/312,622,504/1112,67,77/27,890 079 754,532,395
lzturbo,0.95,-10,½**,2,3,1 550 376 950,47,10.7,289,10.02,234,21s,5,8/1,618,779/445,0,0/0,1 550 276 757,209,358
pigz,2.1.4,-3,½*,2,5,1 285 196 261,38.9,32.34,393,19.93,155,52s,34,51/7,593,624/541,0,0/0,1 285 130 489,6,2
pigz,2.1.4,-5,½*,3,4,1 237 631 538,37.5,42.79,397,18.9,166,1m  2s,49,66/13,588,553/668,0,0/0,1 237 565 766,6,2
nanozip,0.08a,-m.5g -cF,½*,2,11,1 069 018 543,32.4,55.73,126,54.69,139,1m 50s,180,329/28,577,745/405,2,4/0,1 068 889 007,544,556
pigz,2.1.4,-1,**,1,6,1 329 252 252,40.3,26.92,393,20.31,161,47s,23,38/4,566,648/458,0,0/0,1 329 186 480,6,2
lz4,0.9,-t2,½,4,5,1 681 259 224,50.9,8.04,251,6.56,176,15s,2,3/0,566,670/439,0,0/0,1 681 221 210,51,50
etincelle,rc2,,½**,3,2,1 199 623 503,36.4,47.11,99,26.23,100,1m 13s,63,91/14,562,570/547,0,0/0,1 199 582 865,133,133
etincelle,rc2,-m256,½**,3,2,1 199 273 442,36.3,47.27,99,26.37,99,1m 14s,63,91/14,560,569/545,0,0/0,1 199 232 804,261,261
zhuff,0.5,,*,4,4,1 376 961 694,41.7,24.11,100,16.95,99,41s,16,25/3,556,617/469,0,0/0,1 376 922 141,4,3
etincelle,rc1,,**,4,2,1 201 838 097,36.4,47.89,99,26.03,100,1m 14s,61,87/14,553,557/547,0,0/0,1 201 797 483,133,133
zhuff,0.4,,½,5,4,1 376 986 912,41.7,24.75,99,16.81,100,42s,16,24/3,549,601/472,0,0/0,1 376 947 432,4,4
etincelle,rc1,-m256,**,4,2,1 201 675 151,36.4,48.34,99,26.15,100,1m 14s,61,87/14,549,552/545,0,0/0,1 201 634 537,261,261
freearc,0.6,-mex1,**,1,10,1 182 572 760,35.8,34.28,242,48.01,161,1m 22s,68,151/9,530,830/316,0,1/0,1 182 499 032,56,52
nanozip,0.09a,-m.5g -cDp,****,1,1,843 802 174,25.6,223.11,266,33.81,190,4m 17s,946,1004/560,525,394/1390,136,144/81,843 679 294,529,311
lzturbo,0.95,-43,**,6,1,1 115 832 857,33.8,86.37,333,17.51,314,1m 44s,114,126/53,525,411/1083,1,1/0,1 115 732 664,443,351
nanozip,0.09a,-m.5g -cDP,½****,1,0,830 163 327,25.2,236.17,286,33.68,191,4m 30s,1048,1104/654,523,390/1460,175,185/109,830 040 447,532,311
qpress,1.1,L3,***,4,0,1 493 735 563,45.3,23.9,395,5.76,274,30s,6,7/2,521,422/934,0,0/0,1 493 652 324,5,3
qpress,0.39,L3,½**,4,1,1 493 735 474,45.3,23.92,395,5.83,271,30s,6,7/2,520,421/923,0,0/0,1 493 652 324,5,3
freearc,0.666,-m1,½*,2,12,1 182 572 823,35.8,34.97,235,50.05,173,1m 25s,66,148/9,513,813/303,0,0/0,1 182 497 047,50,61
nanozip,0.07a,-m.5g -cd,**,1,8,934 092 531,28.3,125.83,99,71.67,100,3m 17s,451,653/97,506,517/485,24,34/5,933 975 236,556,520
etincelle,rc2,-m512,½**,3,2,1 199 273 432,36.3,54.97,87,27.12,99,1m 22s,57,78/13,503,489/529,0,0/0,1 199 232 794,518,518
lz4,1,-c0t1,**,5,1,1 670 093 423,50.6,11.7,138,5.78,162,17s,1,2/0,491,478/517,0,0/0,1 670 050 762,18,17
qpress,0.34,L3,**,6,1,1 493 712 959,45.3,25.75,395,5.86,266,32s,6,6/2,489,391/918,0,0/0,1 493 652 324,3,2
nanozip,0.08a,-m.5g -cDP,½****,1,0,829 828 597,25.1,252.81,280,42.5,163,4m 55s,961,1035/520,479,365/1158,161,174/87,829 699 061,564,347
qpress,0.35b,L3,½*,7,2,1 493 712 982,45.3,26.06,395,6.47,253,33s,5,6/2,475,387/832,0,0/0,1 493 652 324,4,3
nanozip,0.08a,-m.5g -cDp,***,2,2,843 445 438,25.6,242.03,254,42.61,164,4m 45s,857,929/446,475,364/1104,124,134/64,843 315 902,561,347
nanozip,0.08a,-m.5g -cf,**,1,7,1 275 986 344,38.7,30.34,154,37.83,155,1m  8s,29,61/4,469,686/294,0,0/0,1 275 856 808,544,556
etincelle,rc1,-m512,½*,4,3,1 201 675 127,36.4,60.42,81,26.93,99,1m 27s,52,69/13,469,442/529,0,0/0,1 201 634 513,518,518
freearc,0.6,-mex4,½****,0,1,760 966 450,23.1,285.77,344,94.05,215,6m 20s,1606,1969/506,468,406/658,580,711/183,760 892 722,357,315
nanozip,0.07a,-m.5g -cF,½*,2,12,1 068 230 225,32.4,59.7,112,77.89,109,2m 18s,146,310/20,464,697/285,2,4/0,1 068 112 930,520,520
pigz,2.1.4,-7,½,6,4,1 225 851 374,37.1,65.23,396,18.92,162,1m 24s,41,49/14,449,377/695,0,0/0,1 225 785 602,6,2
slug,1.27b,,**,1,12,1 170 268 191,35.5,49.01,100,54.23,100,1m 43s,63,121/9,440,604/292,0,0/0,1 170 261 000,14,15
nanozip,0.08a,-m.5g -cD,½***,2,1,842 991 159,25.5,272.09,107,42.5,164,5m 15s,779,831/450,430,324/1108,113,121/65,842 861 623,560,347
lzturbo,0.95,-44,**,7,1,1 123 058 968,34,108.19,363,15.97,348,2m  4s,88,93/53,428,321/1160,1,1/0,1 122 958 775,432,192
freearc,0.666,-m4,½***,1,2,761 362 930,23.1,324.67,313,94.5,222,6m 59s,1449,1725/501,424,357/654,521,620/180,761 287 154,363,320
tornado,0.4a,-4,*,5,3,1 167 751 034,35.4,80.36,100,31.53,99,1m 52s,59,76/16,410,372/506,0,0/0,1 167 706 138,22,11
lz4,0.9,-t1,,6,6,1 681 259 224,50.9,13.84,136,6.61,165,20s,1,1/0,404,389/436,0,0/0,1 681 221 210,34,34
slug,1.27,,½,4,13,1 206 232 236,36.6,47.76,100,52.92,100,1m 41s,43,84/6,400,550/265,0,0/0,1 206 225 897,14,15
bsc,2.4.5,-b1 -m1f -p,*,3,15,1 074 266 639,32.6,74.3,383,85.12,389,2m 39s,118,233/17,393,549/256,1,3/0,1 074 175 954,27,24
slug,1.24,,,5,12,1 210 060 730,36.7,51.5,99,50.05,100,1m 42s,41,74/6,392,504/277,0,0/0,1 210 054 797,22,23
bsc,2.3.0,-b1 -m1f -p,½,4,16,1 074 266 639,32.6,74.42,383,85.31,389,2m 40s,117,232/17,392,548/255,1,3/0,1 074 175 954,27,24
tornado,0.4a,-3,½,4,6,1 289 807 426,39.1,46.76,99,31.9,99,1m 19s,22,34/4,388,425/333,0,0/0,1 289 762 530,14,11
nanozip,0.07a,-m.5g -cD,***,2,2,843 144 052,25.5,270.31,100,80.08,100,5m 50s,699,835/238,386,326/588,101,121/35,843 026 757,552,327
freearc,0.6,-m2,*,3,10,921 161 843,27.9,180.7,120,91.14,134,4m 32s,378,525/88,384,376/398,23,32/5,921 088 115,404,243
bsc,2.4.5,-b1 -m0f -pr,½,4,12,1 064 871 541,32.3,90.56,386,79.78,388,2m 50s,122,212/20,379,465/282,2,3/0,1 064 780 856,27,24
bsc,2.3.0,-b1 -m0f -pr,,5,13,1 064 871 541,32.3,90.66,386,80.42,388,2m 51s,122,212/20,378,464/280,2,3/0,1 064 780 856,27,24
bsc,2.2.5,-b1 -m1f -p,,5,17,1 074 266 639,32.6,82.36,386,85.95,388,2m 48s,111,210/17,372,495/253,1,2/0,1 074 175 954,27,24
bsc,2.1.5,-b1p -m1f,,5,18,1 074 393 764,32.6,82.11,384,86.14,390,2m 48s,111,210/17,372,497/253,1,2/0,1 074 172 791,27,24
csc,3.2a5,-m1 -d320,½*,2,7,887 547 613,26.9,222.01,100,92.62,100,5m 15s,475,621/126,371,343/438,42,55/11,887 495 260,389,325
bsc,2.2.0,-b1p -m1f,*,3,15,1 074 265 522,32.6,81.97,385,86.61,390,2m 49s,111,211/17,371,498/252,1,2/0,1 074 175 954,27,24
csc,3.2a5,-m2 -d320,*,3,5,860 668 014,26.1,257.86,100,90.28,100,5m 48s,579,720/174,366,323/492,69,86/21,860 615 661,390,325
bsc,2.2.5,-b1 -m0f -pr,,6,14,1 064 871 541,32.3,98.39,388,80.61,388,2m 59s,116,195/20,361,428/279,1,2/0,1 064 780 856,26,24
winrar,4.20b3,-m3,½,4,6,923 642 139,28,235.41,244,53.2,97,4m 49s,347,392/147,358,286/677,21,23/9,923 461 749,106,9
nanozip,0.09a,-m.5g -co,*****,0,0,735 353 979,22.3,456.03,374,90.87,335,9m  7s,1483,1640/695,354,277/742,712,787/334,735 231 099,515,349
winrar,4.20b3,-m1,½,4,13,1 199 695 894,36.4,64.44,196,52.36,97,1m 57s,40,67/7,353,417/274,0,0/0,1 199 515 504,78,8
csc,3.2a3,-m0 -d9,*,3,6,880 171 847,26.7,249.69,100,89.06,100,5m 39s,479,599/142,353,312/467,46,58/14,880 082 332,358,325
csc,3.2a3,-m1 -d9,½,4,5,867 212 986,26.3,270.5,100,88.83,100,5m 59s,521,639/164,347,301/489,58,71/18,867 123 471,358,325
bsc,2.4.5,-b25 -m1f -p,**,1,15,1 036 287 377,31.4,80.4,366,124.2,366,3m 25s,140,328/18,347,576/199,2,6/0,1 036 196 692,505,505
freearc,0.6,-m1,*,3,13,1 175 319 969,35.6,56.05,127,73.53,99,2m 10s,47,100/6,345,520/212,0,0/0,1 175 246 241,43,27
bsc,2.3.0,-b25 -m1f -p,½*,2,16,1 036 287 377,31.4,80.7,367,127,366,3m 28s,138,327/18,342,574/195,2,6/0,1 036 196 692,505,505
nanozip,0.07a,-m.5g -cf,½*,2,15,1 277 723 795,38.7,34.52,124,58.61,114,1m 33s,21,52/3,341,600/189,0,0/0,1 277 606 500,520,520
tornado,0.4a,-5,,8,9,1 048 861 771,31.8,156.08,100,44.14,100,3m 20s,124,147/44,340,285/537,2,2/1,1 048 816 875,34,18
stz,0.8.3,-c2,,8,6,1 497 616 626,45.4,27.16,99,18.31,100,45s,4,6/1,336,366/290,0,0/0,1 497 579 209,6,5
winrar,4.20b3,-m2,,6,8,1 014 478 119,30.7,182.19,241,50.23,94,3m 52s,157,185/57,329,273/529,3,4/1,1 014 297 729,106,8
bsc,2.2.5,-b25 -m1f -p,*,3,17,1 036 287 377,31.4,89.17,366,127.11,367,3m 36s,132,296/18,328,519/195,2,5/0,1 036 196 692,505,505
bsc,2.2.0,-p -m1f,**,1,15,1 036 286 260,31.4,88.73,366,127.58,368,3m 36s,132,297/17,328,522/194,2,5/0,1 036 196 692,505,505
bsc,2.1.5,-p -m1f,*,3,18,1 036 417 533,31.4,89,368,127.19,371,3m 36s,132,296/17,328,520/194,2,5/0,1 036 196 560,505,505
thor,0.96a,e3,,5,10,1 290 413 323,39.1,47.59,99,45.62,100,1m 33s,18,33/3,327,417/232,0,0/0,1 290 373 676,6,6
bsc,2.2.0,-p -m0f -r,*,3,13,1 057 468 659,32,86.34,363,116.34,363,3m 23s,112,241/15,327,500/198,1,3/0,1 057 379 091,504,505
stz,0.8.3,-c,½,4,6,1 548 443 338,46.9,21.84,99,17.67,99,40s,2,4/0,326,384/254,0,0/0,1 548 405 921,6,5
bsc,2.1.5,-p -m0f -R,*,3,14,1 057 599 932,32,85.98,364,116.86,362,3m 23s,111,242/15,326,502/197,1,3/0,1 057 378 959,504,505
bsc,2.0.0,-p -m1f,½,4,18,1 036 416 167,31.4,95.47,380,130.91,389,3m 46s,126,276/17,314,485/189,2,5/0,1 036 195 504,505,505
csc,3.2a2,-m0 -d9,,5,8,884 459 152,26.8,280.37,100,96.83,99,6m 17s,410,509/124,312,274/424,38,47/11,884 369 229,358,325
winrar,4.20b3,-m4,,6,5,920 933 096,27.9,282.78,260,53.2,97,5m 36s,307,336/151,311,241/683,19,21/9,920 752 706,106,9
csc,3.2f,-m1 -d320,*,3,6,846 399 651,25.6,320.52,100,112.17,99,7m 13s,546,679/164,309,272/415,76,95/23,846 326 789,457,327
csc,3.2a2,-m1 -d9,,5,7,870 917 261,26.4,303.86,100,96.56,99,6m 40s,449,546/145,308,265/444,48,58/15,870 827 338,358,325
tornado,0.4a,-6,,9,8,1 020 168 350,30.9,201.25,100,43.01,100,4m  4s,140,157/62,307,243/607,3,3/1,1 020 123 454,58,35
lz4,1,-c2t4,½**,7,0,1 448 504 295,43.9,52.72,387,5.84,166,59s,5,5/4,307,222/1071,0,0/0,1 448 461 634,46,42
tornado,0.4a,-2,,6,7,1 384 735 022,42,40,99,33.65,100,1m 14s,8,14/1,302,362/230,0,0/0,1 384 690 126,12,11
csc,3.2a,-m0 -d9,,6,8,907 908 718,27.5,289.08,100,85.14,99,6m 14s,318,380/109,291,246/446,22,27/8,907 819 929,358,325
csc,3.2a3,-m2 -d9,*,4,4,851 091 794,25.8,367.77,100,86.69,100,7m 34s,493,562/201,290,234/529,65,75/27,851 002 279,422,325
winrar,4.20b3,-m5,½,7,4,920 048 131,27.9,314.27,267,53.09,97,6m  7s,283,306/153,285,217/686,17,19/9,919 867 741,106,9
thor,0.96a,e2,,6,9,1 410 569 275,42.7,35.67,99,36.5,99,1m 12s,6,12/1,283,373/195,0,0/0,1 410 529 628,2,2
csc,3.2a,-m1 -d9,,7,7,895 423 239,27.1,317.25,100,84.97,99,6m 42s,340,398/126,283,233/465,28,32/10,895 334 450,358,325
bsc,2.4.5,-b25 -m2f -p,,5,15,1 023 417 628,31,126.03,372,135.66,367,4m 22s,126,241/19,283,384/190,2,5/0,1 023 326 943,520,505
4x4,0.2a,lzma:32m:ht4:mc16,½**,5,0,857 568 612,26,427.5,339,29.91,323,7m 37s,456,450/543,282,197/1501,56,56/67,857 327 323,376,230
bsc,2.3.0,-b25 -m2f -p,½,4,15,1 023 417 628,31,125.75,373,138.45,369,4m 24s,125,242/19,281,384/186,2,5/0,1 023 326 943,520,505
stz,0.8.3,-c3,,6,6,1 592 308 246,48.3,24.72,100,15,99,40s,1,2/0,280,293/258,0,0/0,1 592 270 829,6,5
bsc,2.4.5,-b25 -m3f -p,,6,12,1 000 393 127,30.3,187.34,374,102.17,368,4m 50s,147,210/33,277,279/273,4,5/1,1 000 302 442,505,506
freearc,0.6,-mex5,½***,1,2,745 137 883,22.6,517.91,304,161.81,138,11m 20s,1070,1295/350,276,236/403,461,558/151,745 064 155,455,191
freearc,0.6,-m3,**,2,4,789 305 317,23.9,452.2,110,142.39,131,9m 55s,749,908/244,272,233/396,197,239/64,789 231 589,390,231
csc,3.2a5,-m3 -d320,*,4,4,847 539 365,25.7,401.91,100,88.66,100,8m 11s,475,535/205,272,216/523,66,74/28,847 487 012,454,325
bsc,2.2.5,-b25 -m2f -p,,6,16,1 023 417 628,31,133.11,371,139.24,369,4m 32s,121,229/18,272,363/185,2,4/0,1 023 326 943,520,505
bsc,2.2.0,-p -m2f,,5,15,1 023 416 511,31,133.81,370,139.19,369,4m 33s,121,227/18,272,361/185,2,4/0,1 023 326 943,520,505
bsc,2.1.5,-p -m2f,,6,17,1 023 547 784,31,132.42,373,140.49,370,4m 33s,121,230/18,272,365/184,2,4/0,1 023 326 811,520,505
csc,3.2a5,-m2 -d4,,5,11,947 148 622,28.7,256.58,100,98.14,100,5m 55s,217,277/61,270,243/339,10,13/3,947 096 269,17,8
pbzip2,1.0.5,,,8,11,1 126 983 940,34.2,145.67,392,49.27,380,3m 15s,54,66/17,269,235/371,0,0/0,1 126 915 571,50,89
tornado,0.4a,-7,,11,7,998 654 618,30.3,265.26,100,42.32,100,5m  8s,141,151/80,262,198/662,4,4/2,998 609 722,107,67
flashzip,0.99b8,-m1 -c4 -b7,,6,11,894 860 760,27.1,293.81,100,142.44,100,7m 16s,316,432/75,261,253/278,26,35/6,894 741 159,319,300
bsc,2.3.0,-b25 -m3f -p,,7,13,1 000 393 127,30.3,187.62,373,121.88,371,5m 10s,138,210/27,259,278/229,3,5/1,1 000 302 442,505,504
bsc,2.0.0,-p -m2f,,7,17,1 023 546 418,31,144.55,384,142.05,389,4m 47s,115,210/18,259,334/182,2,4/0,1 023 325 755,520,505
bsc,2.4.5,-b25 -m3 -pl,½,4,13,977 302 263,29.6,202.76,369,132.5,362,5m 35s,164,251/32,258,278/227,5,8/1,977 211 578,505,506
lzop,1.03,-1,,9,5,1 618 004 068,49,29.62,100,10.37,100,40s,1,1/0,255,225/343,0,0/0,1 617 950 799,2,2
4x4,0.2a,1,,5,8,1 827 736 259,55.4,10.39,318,9.62,293,20s,0,0/0,254,318/184,0,0/0,1 827 494 970,73,50
bsc,2.2.5,-b25 -m3f -p,,8,14,1 000 393 127,30.3,195.02,372,122.08,371,5m 17s,134,202/27,253,268/228,3,5/1,1 000 302 442,505,504
thor,0.96a,e4,,8,12,1 149 441 043,34.8,130.03,100,62.25,100,3m 12s,42,58/10,253,244/272,0,0/0,1 149 401 396,17,16
bsc,2.2.0,-p -m3f,,6,13,1 000 392 010,30.3,195.53,372,123.28,369,5m 19s,134,201/27,251,267/226,3,5/1,1 000 302 442,505,504
lzop,1.03,-5,,10,6,1 622 263 801,49.2,29.81,100,10.45,100,40s,1,1/0,250,220/335,0,0/0,1 622 210 532,2,2
lzp2,91011,,,7,8,1 695 604 852,51.4,17.25,99,14.48,100,32s,1,1/0,248,298/190,0,0/0,1 695 568 673,18,18
bsc,2.3.0,-b25 -m3 -pl,,5,14,977 302 263,29.6,203.22,369,146.8,362,5m 50s,157,250/29,247,277/205,5,8/1,977 211 578,505,504
bsc,1.0.3,-p -m1 -b26,,5,20,1 019 401 220,30.9,135.03,378,171.79,383,5m  7s,112,236/16,245,363/152,2,5/0,1 019 191 709,525,525
csc,3.2a2,-m2 -d9,,5,6,854 594 313,25.9,440,100,94.48,99,8m 54s,403,452/178,244,193/480,51,58/23,854 504 390,422,325
csc,3.2f,-m2 -d320,½*,2,5,840 353 904,25.5,451.81,100,110.08,99,9m 22s,449,515/179,243,197/432,67,77/27,840 281 042,457,327
bsc,2.2.5,-b25 -m3 -pl,,6,14,977 302 263,29.6,211.25,369,146.5,362,5m 58s,154,241/29,242,267/205,5,8/1,977 211 578,505,504
bsc,2.1.5,-m3,½,4,14,972 352 989,29.5,216.29,369,147.59,362,6m  4s,160,248/31,242,265/207,6,9/1,972 132 016,505,504
bsc,2.2.0,-m3,½,4,15,977 301 146,29.6,211.84,370,149.72,360,6m  2s,152,240/29,239,266/201,5,8/1,977 211 578,505,504
csc,3.2a3,-m3 -d9,**,3,3,844 735 382,25.6,484.41,100,85.75,100,9m 30s,422,458/219,236,181/546,60,65/31,844 645 867,519,325
winrar,4.00b3,-m1,,9,14,1 197 673 704,36.3,120.44,99,56.36,98,2m 57s,27,36/7,235,225/256,0,0/0,1 197 580 008,36,8
bsc,2.4.5,-b25 -m3 -p,,7,14,990 078 603,30,216.49,370,137.59,364,5m 54s,135,204/27,234,250/210,4,6/1,989 987 918,505,506
flashzip,0.99b8,-m0 -c7 -b7,,6,11,893 464 978,27.1,343.67,100,149.7,100,8m 13s,284,375/73,232,217/266,23,31/6,893 345 377,373,356
bsc,2.0.0,-m3,½,4,14,972 351 623,29.5,229.97,386,153.34,387,6m 23s,152,233/30,229,249/200,5,8/1,972 130 960,505,504
flashzip,0.99b8,-m2 -c4 -b7,,6,10,884 226 017,26.8,387.89,100,140.8,100,8m 49s,293,369/86,223,198/292,27,34/8,884 106 416,319,300
csc,3.2a,-m2 -d9,,7,5,880 866 077,26.7,457.15,100,82.56,99,9m  0s,298,325/152,221,170/503,28,31/14,880 777 288,422,325
bsc,2.3.0,-b25 -m3 -p,,8,16,990 078 603,30,217.45,371,156.87,366,6m 14s,128,203/24,221,248/184,4,6/1,989 987 918,505,504
pigz,2.1.4,-9,*,10,3,1 222 860 558,37.1,153.58,391,18.65,167,2m 52s,21,22/15,221,162/712,0,0/0,1 222 794 786,6,2
bsc,1.0.3,-m3 -b26,,5,16,942 297 200,28.6,273.08,390,169.53,388,7m 23s,184,275/37,220,232/200,9,13/2,942 087 689,504,509
bsc,2.4.5,-b25 -m3 -psrl,,8,12,945 626 052,28.7,298.98,370,139.75,352,7m 19s,179,242/44,219,210/239,8,11/2,945 535 367,503,482
bsc,2.2.5,-b25 -m3 -p,,9,17,990 078 603,30,224.61,371,156.9,365,6m 22s,125,196/24,217,241/184,4,6/1,989 987 918,505,504
winrar,3.93,-m1,,8,14,1 197 649 640,36.3,119.98,99,72.45,98,3m 12s,25,37/5,216,225/199,0,0/0,1 197 580 008,35,8
gzip,1.3.3,-3,,7,7,1 290 993 418,39.1,105.33,100,35.31,100,2m 21s,12,15/4,216,188/300,0,0/0,1 290 956 385,2,2
gzip,1.3.3,-1,,7,8,1 337 363 680,40.5,84.57,100,36.29,100,2m  1s,8,11/2,215,201/250,0,0/0,1 337 326 647,2,2
bsc,2.2.0,-p -m3,,7,16,990 077 486,30,225.87,371,159.45,365,6m 25s,124,195/23,215,239/181,4,6/1,989 987 918,505,504
bsc,2.1.5,-p -m3,,10,18,990 202 447,30,226.49,372,158.75,367,6m 25s,124,194/23,215,238/182,4,5/1,989 981 474,505,504
bsc,1.0.3,-p -m2 -b26,,5,20,1 008 265 956,30.6,180.31,384,182.79,383,6m  3s,108,200/17,215,282/149,2,5/0,1 008 056 445,540,525
bsc,2.3.0,-b25 -m3 -psrl,,7,14,945 626 052,28.7,298.7,369,153.48,353,7m 32s,173,242/40,213,210/218,8,11/2,945 535 367,500,504
csc,3.2f,-m3 -d320,½*,3,4,801 503 240,24.3,619.56,100,114.58,99,12m 14s,530,579/264,212,164/472,122,133/61,801 430 378,457,327
winrar,4.00b3,-m3,,11,7,924 115 297,28,433.75,200,57.84,98,8m 12s,202,212/134,210,155/621,12,12/8,924 021 601,36,8
tornado,0.4a,-8,,12,6,982 568 668,29.8,362.55,100,42.16,99,6m 45s,128,132/96,210,153/702,4,4/3,982 523 772,203,131
bsc,2.2.5,-b25 -m3 -psrl,,9,15,945 626 052,28.7,305.51,369,153.77,352,7m 39s,171,237/40,209,205/218,8,11/2,945 535 367,498,504
4x4,0.2a,4t,,9,19,1 008 230 621,30.6,210.31,384,162.87,377,6m 13s,105,171/19,209,242/167,2,4/0,1 007 989 332,268,208
freearc,0.6,,½****,0,1,732 988 250,22.2,741.25,170,202.19,108,15m 43s,883,1036/321,207,172/336,435,511/158,732 914 522,396,233
bsc,2.0.0,-p -m3,,10,18,990 201 081,30,238.04,386,162.98,389,6m 41s,119,185/23,207,227/177,3,5/1,989 980 418,505,504
flashzip,0.99c3,-m0 -c4 -b5,,6,11,867 057 278,26.3,452.28,100,153.62,100,10m  6s,310,383/95,206,180/283,34,42/11,866 809 972,295,285
csc,3.1,-m0,,8,9,919 657 462,27.9,420.58,100,87.08,99,8m 28s,206,229/94,206,162/419,13,14/6,919 602 758,37,20
bsc,1.0.3,-p -m3 -b26,,7,18,986 685 813,29.9,242.04,383,164.64,383,6m 47s,122,189/23,206,226/177,4,6/1,986 476 302,525,524
fastlz,0,-2,,8,9,1 697 554 204,51.4,23.17,99,14.92,99,38s,0,1/0,206,220/183,0,0/0,1 697 547 868,2,2
winrar,3.93,-m3,,11,7,924 091 233,28,433.77,199,68.84,99,8m 23s,198,212/113,205,155/522,12,12/7,924 021 601,36,8
stz,0.8.3,-c5,,8,5,1 492 203 875,45.2,61.37,100,14.34,99,1m 16s,2,3/1,205,165/377,0,0/0,1 492 166 458,6,5
7-zip,9.12b,-m0=lzma2 -mx -md15m,*,4,4,807 289 820,24.5,637.72,289,104.56,99,12m 22s,491,527/272,205,156/507,106,114/59,807 139 200,511,26
gzip,1.3.3,-5,,10,6,1 240 841 343,37.6,141.3,100,34.76,100,2m 56s,17,19/7,204,166/360,0,0/0,1 240 804 310,2,2
stz,0.8.3,-c1,,8,10,1 705 003 269,51.7,22.04,99,15.62,99,38s,0,1/0,203,226/170,0,0/0,1 704 965 852,6,5
flashzip,0.99c2,-m0 -c4 -b5,,6,12,866 941 397,26.3,458.56,100,157.44,100,10m 16s,305,378/93,203,178/276,34,42/10,866 809 972,295,284
thor,0.96a,e5,,10,6,1 198 348 779,36.3,163.66,100,41.91,100,3m 26s,23,27/9,201,165/344,0,0/0,1 198 309 132,3,2
bsc,2.4.5,-b110t -m1f -p,½*,2,22,1 016 282 978,30.8,100.3,292,277.58,151,6m 18s,95,328/10,201,494/95,2,7/0,1 016 192 293,555,554
flashzip,0.99d1,-m0 -b5,,7,16,964 205 903,29.2,291.78,100,167.83,100,7m 40s,139,201/30,197,202/187,5,8/1,964 035 229,286,277
csc,3.2a2,-m3 -d9,,5,5,848 165 913,25.7,583.8,100,93.53,99,11m 17s,342,366/193,196,149/495,47,50/26,848 075 990,519,325
thor,0.96a,e1,,5,10,1 583 800 385,48,22.48,98,38.95,99,1m  1s,1,3/0,186,332/102,0,0/0,1 583 760 738,2,2
flashzip,0.99c2,-m1 -c4 -b5,,6,11,858 076 965,26,535.94,100,156.28,100,11m 32s,300,357/103,186,157/287,37,44/13,857 945 540,295,284
winrar,4.00b3,-m2,,13,9,1 020 065 112,30.9,360.42,216,53.08,98,6m 53s,83,88/50,181,136/492,2,2/1,1 019 971 416,36,8
bsc,2.4.5,-b110t -m3 -pl,,8,17,945 437 864,28.6,360.63,202,172.09,298,8m 53s,147,201/36,181,174/195,7,9/2,945 347 179,512,512
nanozip,0.09a,-m.5g -cO -p2,*****,0,0,676 508 285,20.5,1045.05,274,270.89,187,21m 56s,1185,1376/449,179,147/303,1095,1271/414,676 385 405,553,380
bsc,2.4.5,-b110t -m3f -p,,10,13,966 946 904,29.3,355.31,184,146.03,281,8m 21s,123,160/33,179,164/213,5,6/1,966 856 219,554,555
bsc,2.3.0,-b110t -m1f -p,**,1,23,1 016 282 978,30.8,100.11,290,323.91,144,7m  4s,84,329/9,179,495/82,2,7/0,1 016 192 293,555,554
bsc,2.3.0,-b110t -m3 -pl,,9,19,945 437 864,28.6,360.88,202,179.72,340,9m  1s,145,201/34,178,174/186,7,9/2,945 347 179,512,512
bsc,2.4.5,-b110t -m3 -psrl,,8,16,921 301 595,27.9,414.94,212,173.81,306,9m 49s,174,228/46,177,164/209,11,14/3,921 210 910,512,512
winrar,3.93,-m2,,12,9,1 020 041 048,30.9,359.69,216,65.58,99,7m  5s,81,88/41,176,136/398,2,2/1,1 019 971 416,36,8
csc,3.2a,-m3 -d9,*,7,3,875 461 635,26.5,607.92,100,81.65,99,11m 30s,248,259/163,176,130/518,25,26/17,875 372 846,519,325
yzx,0.04,-m1 -c1 -b6,,8,13,888 591 381,26.9,510.17,100,154.54,100,11m  5s,222,267/74,175,149/262,19,23/7,888 474 467,526,264
imp,1.12,-m1,,9,13,1 195 494 172,36.2,184.79,100,53.47,99,3m 58s,20,24/7,175,147/272,0,0/0,1 195 412 491,8,3
bsc,2.3.0,-b110t -m3 -psrl,,9,17,921 301 595,27.9,415.02,211,181.92,343,9m 57s,172,228/44,175,164/199,10,14/3,921 210 910,512,512
bsc,2.2.5,-b110t -m3 -pl,,10,18,945 437 864,28.6,370.11,206,179.69,340,9m 10s,143,196/34,175,169/186,7,9/2,945 347 179,512,512
bsc,2.2.5,-b110t -m1f -p,*,3,24,1 016 282 978,30.8,110.41,295,324.11,144,7m 15s,82,298/9,175,448/82,2,6/0,1 016 192 293,555,554
csc,3.2f,-m2 -d4,,12,11,925 219 556,28,475.58,100,119.06,99,9m 55s,165,191/64,173,141/301,10,11/4,925 146 694,28,10
bsc,2.2.0,-b110t -m3,,9,17,945 436 747,28.6,374.19,205,181.45,342,9m 16s,141,194/34,173,168/184,7,9/2,945 347 179,512,512
bsc,2.2.0,-b110t -p -m1f,½*,2,23,1 016 281 861,30.8,110.14,295,328.86,143,7m 19s,81,299/8,173,450/80,2,6/0,1 016 192 293,555,554
yzx,0.04,-m2 -c1 -b6,,7,12,877 652 156,26.6,547.02,100,153.04,100,11m 40s,238,281/85,172,144/274,24,28/8,877 535 242,526,264
lzrw,0,3,,9,11,1 732 344 315,52.5,22.25,98,18.2,98,40s,0,1/0,172,204/133,0,0/0,1 732 339 712,4,4
bsc,2.3.0,-b110t -m3f -p,,11,17,966 946 904,29.3,355.61,184,164.61,333,8m 40s,119,160/29,172,164/189,4,6/1,966 856 219,554,554
bsc,2.2.5,-b110t -m3 -psrl,,10,18,921 814 486,27.9,426.06,214,183.77,346,10m 10s,167,221/43,171,159/197,10,13/3,921 723 801,512,512
fastlz,0,-1,,10,8,1 749 086 876,53,24.47,99,14.4,98,39s,0,0/0,170,176/159,0,0/0,1 749 080 540,2,2
bsc,2.4.5,-b110t -m2f -p,½,4,22,998 987 902,30.3,166.09,249,305.84,146,7m 52s,92,240/11,170,316/92,2,6/0,998 897 217,562,554
bsc,2.2.5,-b110t -m3f -p,,12,16,966 946 904,29.3,365.03,188,163.88,336,8m 49s,117,156/29,169,160/190,4,6/1,966 856 219,554,554
7-zip,9.12b,-mx1,,12,13,1 052 535 519,31.9,276.74,99,120.64,99,6m 37s,60,80/15,169,159/194,1,1/0,1 052 384 899,17,5
lz4,1,-c1t1,½**,8,0,1 481 903 068,44.9,90.16,104,5.75,155,1m 36s,2,2/3,168,116/973,0,0/0,1 481 860 407,19,18
bsc,2.2.0,-b110t -p -m3f,,10,16,966 945 787,29.3,369.11,187,164.22,336,8m 53s,116,154/29,168,158/190,4,6/1,966 856 219,554,554
7-zip,9.12b,-mx3,,15,12,973 669 226,29.5,411.09,100,111.23,99,8m 42s,110,129/40,168,139/274,4,4/1,973 518 606,17,6
csc,3.1,-m1,,10,7,905 264 553,27.4,576.21,100,84.87,99,11m  1s,186,196/113,166,124/451,13,14/8,905 209 849,101,20
bsc,2.1.5,-b110t -p -m1f,½,4,25,1 016 413 233,30.8,128.73,240,329.45,143,7m 38s,78,256/8,166,384/80,2,5/0,1 016 192 260,554,554
bzp,0.3,,,8,20,1 199 621 544,36.4,115.76,100,134.62,100,4m 10s,19,37/3,165,232/107,0,0/0,1 199 589 146,4,4
winrar,4.00b3,-m5 -mct-,½,12,4,919 307 776,27.9,583.3,236,57.86,97,10m 41s,164,166/141,164,117/631,10,10/9,919 214 080,36,8
bsc,2.4.5,-b110t -m3 -p,,11,18,957 576 432,29,384.48,199,177.94,303,9m 22s,122,165/30,164,157/181,5,7/1,957 485 747,554,555
tornado,0.4a,-9,,15,5,965 300 784,29.3,511.41,100,41.84,99,9m 13s,114,114/117,163,115/749,4,4/4,965 255 888,396,259
flashzip,0.99c2,-m2 -c4 -b5,,6,10,856 782 716,26,642.58,100,155.73,100,13m 18s,263,302/105,162,131/289,33,38/13,856 651 291,295,284
yzx,0.03,-m1 -c1 -b6,,8,14,888 182 867,26.9,568.03,100,154.61,100,12m  3s,205,241/75,161,134/262,18,21/7,888 066 310,398,264
winrar,3.93,-m5 -mct-,½,11,4,919 283 712,27.9,582.14,235,68.7,99,10m 51s,161,166/119,161,118/532,10,10/7,919 214 080,36,8
flashzip,0.99c3,-m1 -c4 -b5,,7,10,857 872 887,26,658.42,378,152.25,100,13m 31s,256,291/106,159,128/294,32,36/13,857 625 581,296,285
bsc,2.3.0,-b110t -m3 -p,,12,20,957 576 432,29,384.89,200,197.24,344,9m 42s,118,164/27,159,156/163,5,7/1,957 485 747,554,554
bsc,2.0.0,-b110t -p -m1f,½,4,25,1 016 405 585,30.8,141.69,215,340.55,139,8m  2s,74,232/8,157,349/78,2,5/0,1 016 184 922,554,554
winrar,4.00b3,-m4,,9,15,904 895 087,27.4,514.17,178,190.75,99,11m 45s,175,221/50,156,140/201,13,16/4,904 801 391,70,42
freearc,0.6,-m6 -lc350,½****,1,0,712 230 317,21.6,1120.98,166,217.78,107,22m 19s,783,863/375,156,122/335,486,536/233,712 156 589,526,412
bsc,2.2.5,-b110t -m3 -p,,13,20,957 576 432,29,394.11,203,197.23,344,9m 51s,116,161/27,156,153/163,5,7/1,957 485 747,554,554
winrar,3.93,-m4,,9,15,904 871 023,27.4,514.67,177,193.92,99,11m 49s,174,221/50,155,139/198,13,16/4,904 801 391,70,41
flashzip,0.99d1,-m4 -b5,,10,15,908 452 921,27.5,543.88,100,159.28,100,11m 43s,168,201/58,155,130/238,12,14/4,908 282 247,288,278
bsc,2.3.0,-b110t -m2f -p,*,3,22,998 987 902,30.3,166.05,249,352.51,140,8m 39s,84,240/10,155,316/79,2,6/0,998 897 217,562,554
lzrw,0,2,,8,11,1 778 632 917,53.9,21.93,98,16.97,98,39s,0,0/0,154,178/123,0,0/0,1 778 628 518,4,4
freearc,0.666,-m9d -lc500m,****,2,0,719 121 524,21.8,1210.2,170,119.14,106,22m  9s,731,740/635,154,110/598,420,426/365,719 045 748,469,468
flashzip,0.99c3,-m2 -c4 -b5,,6,9,856 677 244,26,688.33,379,151.94,100,14m  0s,251,282/108,154,122/296,31,35/13,856 429 938,296,285
bsc,2.2.0,-b110t -p -m3,,11,20,957 575 315,29,399.75,202,198.7,347,9m 58s,115,158/27,154,151/162,5,6/1,957 485 747,554,554
7-zip,9.12b,,*,4,4,805 116 998,24.4,891.84,172,103.83,99,16m 36s,375,386/280,154,112/515,83,85/62,804 966 378,199,21
yzx,0.03,-m2 -c1 -b6,,8,11,878 615 173,26.6,634.25,100,153.76,100,13m  8s,209,240/84,153,124/272,20,23/8,878 498 616,398,264
bsc,2.2.5,-b110t -m2f -p,,5,23,998 987 902,30.3,176.44,253,352.62,140,8m 49s,82,226/10,152,297/79,2,6/0,998 897 217,562,554
freearc,0.666,-mx -lc500m,½****,1,0,706 908 234,21.4,1178.65,164,224.89,108,23m 24s,793,870/386,152,118/330,522,573/254,706 832 458,469,469
bsc,2.2.0,-b110t -p -m2f,*,3,23,998 986 785,30.3,175.42,253,356.59,139,8m 52s,81,228/9,151,299/79,2,6/0,998 897 217,562,554
flashzip,0.99c3,-m3 -c4 -b5,,6,8,856 394 406,26,726.69,380,151.89,100,14m 39s,240,268/108,147,116/297,30,34/14,856 147 100,296,285
7-zip,9.12b,-mx1 -md48m,,9,9,893 029 360,27.1,681.97,100,104.86,98,13m  7s,179,190/104,146,109/380,15,16/9,892 878 740,338,53
gzip,1.3.3,-7,,11,6,1 228 728 406,37.2,223.17,100,34.39,100,4m 18s,13,14/8,145,109/379,0,0/0,1 228 691 373,2,2
yzx,0.04,-m1 -c3 -b6,,8,11,874 179 303,26.5,697.95,100,150.31,100,14m  8s,204,229/90,144,114/282,21,24/9,874 062 389,526,264
bsc,2.1.5,-b110t -m3,,8,20,939 121 118,28.5,373.49,205,312.64,175,11m 26s,123,208/21,143,171/109,6,10/1,938 900 145,512,512
7-zip,9.12b,-mx -md4m,,5,5,845 209 016,25.6,838.47,179,108.41,99,15m 47s,253,263/172,142,104/431,36,37/24,845 058 396,95,14
winrar,4.00b3,-m5,,10,15,900 854 847,27.3,579.08,183,220.09,99,13m 19s,161,205/46,140,126/176,12,16/3,900 761 151,78,50
winrar,3.93,-m5,,9,15,900 830 783,27.3,578.72,182,224.25,99,13m 23s,161,205/45,139,126/173,12,16/3,900 761 151,78,50
bsc,2.1.5,-b110t -p -m2f,,8,24,999 118 157,30.3,222.14,180,357.28,139,9m 39s,75,179/9,139,236/78,2,5/0,998 897 184,558,554
yzx,0.02,-m1 -c1 -b4,,11,15,917 868 702,27.8,605.31,100,159.89,100,12m 45s,139,163/52,138,114/230,9,10/3,917 751 520,397,71
freearc,0.6,-m9x -lc350,***,3,1,741 384 587,22.5,1259.5,173,116.33,100,22m 56s,551,555/508,138,98/568,248,249/228,741 310 859,492,155
flashzip,0.99c2,-m3 -c4 -b5,,6,8,856 278 525,25.9,784.39,100,155.67,100,15m 40s,225,249/106,138,108/289,28,31/13,856 147 100,295,284
winrar,4.20b3,-m5 -mc14:128t,,8,16,902 235 561,27.3,492.16,162,313.37,99,13m 26s,158,238/32,138,147/123,12,18/2,902 055 171,318,223
yzx,0.04,-m2 -c3 -b6,,8,9,862 704 617,26.1,773.47,100,148.79,100,15m 22s,214,235/103,137,107/296,25,27/12,862 587 703,526,264
nanozip,0.08a,-m.5g -co,***,3,1,719 883 460,21.8,1261.66,146,239.19,112,25m  1s,642,704/314,136,105/297,366,401/179,719 753 924,571,346
bsc,2.0.0,-b110t -m3,,8,20,939 114 062,28.5,392.36,194,329.83,166,12m  2s,117,198/20,136,163/104,6,10/1,938 893 399,512,512
lzrw,0,3-a,,11,7,1 626 774 769,49.3,54.11,99,19.58,98,1m 14s,1,1/0,135,120/176,0,0/0,1 626 770 032,4,4
flashzip,0.99b8,-m1 -c7 -b7,,8,10,873 640 382,26.5,761.7,100,149.42,100,15m 11s,191,211/91,134,105/285,20,22/9,873 520 781,389,356
7-zip,9.12b,-mx -md48m,½**,2,3,779 659 779,23.6,1148.17,168,103.81,99,20m 52s,396,398/372,134,95/560,116,117/109,779 509 159,571,58
bsc,2.0.0,-b110t -p -m2f,,11,24,999 108 445,30.3,235.2,168,368.87,135,10m  4s,72,170/9,133,223/76,2,4/0,998 887 782,558,554
yzx,0.02,-m2 -c1 -b4,,11,15,909 447 630,27.6,671.74,100,158.87,100,13m 51s,141,161/57,131,105/238,10,11/4,909 330 448,397,71
imp,1.12,,,16,11,1 093 178 931,33.1,407.31,100,49.36,99,7m 37s,33,34/24,129,94/414,0,0/0,1 093 097 250,8,3
brieflz,1.04,,,9,7,1 566 679 320,47.5,62.26,98,32.76,98,1m 35s,1,1/0,128,127/129,0,0/0,1 566 674 652,3,2
winrar,4.00b3,-m5 -mc14:128t,,10,15,896 631 441,27.2,628.3,176,271.4,99,15m  0s,150,198/39,126,117/145,12,16/3,896 537 745,251,222
tornado,0.4a,-1,,10,11,1 834 085 721,55.6,22.91,98,16.64,98,40s,0,0/0,126,141/104,0,0/0,1 834 040 825,11,10
csc,3.1,-m2 -d6,½,9,4,871 688 995,26.4,898.42,100,80.81,99,16m 19s,182,183/172,126,89/530,19,19/18,871 634 291,391,68
yzx,0.11,-m6 -b5 -h4,,8,11,861 731 092,26.1,856.88,100,158.51,100,16m 55s,196,214/98,125,97/279,23,25/12,861 599 810,401,139
winrar,3.93,-m5 -mc14:128t,,9,15,896 607 377,27.2,628.08,176,276.16,99,15m  4s,149,198/38,125,117/143,12,16/3,896 537 745,250,222
uharc,0.6b,-mdp -mz,,10,23,986 419 982,29.9,310.09,100,373.25,100,11m 23s,73,148/10,123,176/78,2,4/0,986 310 240,38,38
packet,0.91a,,,16,17,1 097 686 840,33.3,390.53,100,85.37,100,7m 56s,30,34/13,122,97/236,0,0/0,1 097 648 665,11,3
csc,3.1,-m2 -d4,,10,6,894 536 096,27.1,857.78,100,83.4,99,15m 41s,147,149/129,121,87/476,12,12/11,894 481 392,101,20
bsc,2.1.5,-b110t -p -m3,,14,22,957 705 055,29,399.44,203,370.75,164,12m 50s,89,158/14,120,151/87,4,6/1,957 484 082,554,554
yzx,0.11,-m7 -b5 -h4,,6,7,845 259 618,25.6,972.5,100,156.78,100,18m 49s,212,227/119,119,90/298,30,32/17,845 128 336,401,139
lzrw,0,1-a,,11,9,1 846 767 644,56,25.67,99,14.92,98,41s,0,0/0,117,121/111,0,0/0,1 846 763 328,4,4
nanozip,0.07a,-m.5g -co,**,4,2,732 406 214,22.2,1412.48,100,303.87,100,28m 36s,488,547/215,114,90/224,242,271/107,732 288 919,566,388
info-zip,2.3,-4,,11,23,1 288 419 651,39,149.8,99,118.64,99,4m 28s,6,11/1,114,133/90,0,0/0,1 288 396 099,5,2
bsc,2.0.0,-b110t -p -m3,,14,22,957 673 430,29,425.05,190,394.14,155,13m 39s,84,149/14,113,142/82,3,6/1,957 452 767,554,554
info-zip,2.3,-5,,11,22,1 268 018 826,38.4,176.25,99,117.86,99,4m 54s,7,11/1,112,121/97,0,0/0,1 267 995 274,5,2
nanozip,0.09a,-m.5g -cO,½****,1,0,657 919 225,19.9,1813.44,154,436.77,110,37m 30s,852,975/342,111,90/200,968,1107/388,657 796 345,540,352
nanozip,0.08a,-m.5g -cO,½***,2,1,658 402 946,20,1867.95,152,460.12,106,38m 48s,819,942/323,108,87/189,925,1063/365,658 273 410,586,361
grzipii,0.24,-b8m -m4,,12,26,1 052 686 333,31.9,265.12,100,355.56,100,10m 21s,38,83/5,108,165/66,1,1/0,1 052 628 759,58,51
squeez,5.62,-m1,,18,19,1 087 358 161,32.9,454.98,99,105.7,98,9m 21s,29,33/12,107,86/197,0,0/0,1 087 161 670,30,11
quad,1.12,,,17,20,1 059 519 936,32.1,453.16,100,158.64,100,10m 12s,36,45/11,107,95/144,0,1/0,1 059 493 796,34,35
info-zip,2.3,-3,,10,24,1 317 275 858,39.9,140.89,99,118.69,99,4m 20s,5,8/1,107,129/82,0,0/0,1 317 252 306,5,2
info-zip,2.3,-2,,10,25,1 338 375 161,40.6,127.3,99,119.25,99,4m  7s,4,7/1,105,133/76,0,0/0,1 338 351 609,5,2
lzrw,0,1,,12,12,1 863 023 859,56.5,27.33,99,16.64,98,44s,0,0/0,103,108/94,0,0/0,1 863 019 752,4,4
yzx,0.11,-m8 -b5 -h4,,8,12,859 631 823,26,1110.55,100,158.47,100,21m  9s,161,169/100,101,75/281,19,20/12,859 500 541,401,139
sbc,0.970r3,,,13,21,940 673 600,28.5,615.16,100,365.5,100,16m 21s,84,124/18,100,104/93,4,6/1,940 560 362,25,25
info-zip,2.3,,,12,21,1 258 815 751,38.1,220.53,99,117.75,99,5m 38s,7,10/2,100,100/100,0,0/0,1 258 792 199,5,2
bssc,0.95a,-t -b16383,,14,24,1 057 442 534,32,340.09,100,322.11,100,11m  2s,34,61/5,100,127/72,0,1/0,1 057 396 638,98,42
info-zip,2.3,-1,,10,26,1 362 445 993,41.3,122.31,99,119.81,99,4m  2s,3,6/0,99,128/70,0,0/0,1 362 422 441,5,2
grzipii,0.24,-d -a -b8m -m4,,15,24,1 058 174 261,32.1,363.03,100,316,100,11m 19s,33,57/6,97,119/73,0,1/0,1 058 116 687,58,51
balz,1.15,e,,17,21,977 946 020,29.6,705.83,100,185.56,100,14m 51s,61,71/23,97,80/162,2,2/1,977 913 091,66,66
szip,1.12,-o4,,9,26,1 131 911 694,34.3,191.84,100,348.91,100,9m  1s,18,48/2,96,176/52,0,0/0,1 131 884 531,8,10
squeez,5.62,-m3,,19,19,1 077 143 297,32.6,537.61,99,105.3,98,10m 43s,28,31/13,96,75/205,0,0/0,1 076 946 806,30,11
rings,1.5c,5,,13,26,1 071 870 196,32.5,306.56,100,352.17,100,10m 59s,29,58/4,96,134/62,0,1/0,1 071 830 937,34,50
blizzard,0.24b,f,,16,23,983 983 232,29.8,451.12,100,428.72,100,14m 40s,58,105/9,96,122/69,2,3/0,983 969 832,27,26
sbc,0.970r3,-m2 -b19,,13,20,934 502 337,28.3,674.2,100,379.19,100,17m 33s,84,121/18,95,96/92,4,6/1,934 389 099,67,66
rings,1.5c,8,,12,26,1 046 555 948,31.7,307.75,100,415.34,100,12m  3s,35,76/5,95,145/58,1,1/0,1 046 516 689,259,387
grzipii,0.24,-a -b8m -m4,,15,25,1 069 569 228,32.4,348.34,100,320.95,100,11m  9s,30,52/5,95,119/69,0,1/0,1 069 511 654,58,51
winace,2.6,-d4096 -m1,,11,16,909 079 588,27.5,905.14,95,249.89,84,19m 15s,102,120/37,94,78/151,7,8/3,909 035 575,39,11
nanozip,0.09a,-m.5g -cc -p4,*****,0,0,657 437 806,19.9,1353.09,380,1327.78,377,44m 41s,719,1314/113,94,121/66,821,1500/129,657 314 926,539,525
yzx,0.11,-m9 -b5 -h4,,5,6,843 113 485,25.5,1275.97,100,156.58,100,23m 53s,171,177/122,94,69/301,25,26/18,842 982 203,401,139
rings,1.6,5,,14,27,1 071 098 910,32.5,326.08,100,357.03,100,11m 23s,28,55/4,93,126/62,0,1/0,1 071 058 982,35,50
rings,1.6,8,,13,26,1 046 662 813,31.7,325.86,100,410.69,100,12m 17s,35,72/5,93,137/58,1,1/0,1 046 622 885,259,387
info-zip,2.3,-7,,12,22,1 256 330 705,38.1,254.14,100,117.56,99,6m 12s,7,9/2,92,87/101,0,0/0,1 256 307 153,5,2
szip,1.12,-b41o4,,9,29,1 124 551 461,34.1,197.22,100,385.7,100,9m 43s,18,50/2,91,175/48,0,0/0,1 124 524 298,17,22
jar,1.02,-m2,,18,22,1 078 477 291,32.7,511.89,98,169.48,97,11m 21s,26,32/8,91,79/127,0,0/0,1 078 320 519,9,5
winace,2.6,-d4096 -m2,,11,16,906 749 204,27.5,967.53,96,250.66,84,20m 18s,99,115/38,90,74/152,7,8/3,906 705 191,39,11
flashzip,0.99b8,-m2 -c7 -b7,,8,8,857 971 044,26,1305.26,100,146.59,100,24m 12s,143,147/110,89,64/306,18,18/14,857 851 443,389,356
sbc,0.970r3,-m1 -b9 -of,,18,23,1 009 015 868,30.6,530.22,100,351.69,100,14m 42s,44,67/9,88,96/77,1,2/0,1 008 902 630,35,35
bsc,1.0.3,-t -m3 -b110,,12,17,918 988 973,27.8,674.66,119,516.56,100,19m 51s,88,144/16,88,102/71,6,9/1,918 779 462,512,511
sbc,0.970r3,-m3 -b9 -of,,9,13,867 122 163,26.3,968.28,100,475.26,100,24m  4s,130,179/31,87,84/91,14,20/3,867 008 925,68,67
csc,3.1,-m3 -d6,*,10,3,867 317 055,26.3,1350.31,100,80.14,99,23m 50s,131,128/182,87,60/542,14,14/20,867 262 351,391,68
imp,1.12,-2,,21,15,1 080 273 825,32.7,640.5,100,82.26,99,12m  3s,24,25/17,85,62/260,0,0/0,1 080 192 144,8,8
winace,2.6,,,13,19,930 558 933,28.2,951.75,95,251.66,83,20m  3s,77,90/29,84,69/140,4,5/2,930 514 920,24,6
jar,1.02,-m1,,19,23,1 133 261 684,34.3,444.19,98,171.38,97,10m 16s,16,20/4,84,75/104,0,0/0,1 133 104 912,4,4
imp,1.12,-m3 -mm,,23,10,1 037 002 836,31.4,803.02,100,53.12,99,14m 16s,33,33/42,83,58/464,1,1/1,1 036 921 155,8,3
bzip2,1.0.5,,,19,21,1 125 342 869,34.1,468.09,100,167.03,100,10m 35s,17,21/5,83,74/110,0,0/0,1 125 301 300,9,5
winace,2.6,-m1 -d64,,19,23,1 028 519 882,31.2,602.55,93,286.62,78,14m 49s,35,48/8,82,79/89,1,1/0,1 028 475 869,9,5
yzx,0.03,-m1 -c5 -b6,,10,13,887 436 021,26.9,1281.55,100,153.97,100,23m 56s,104,108/76,81,59/264,9,10/7,887 319 464,398,264
bssc,0.95a,,,20,23,1 023 066 355,31,645.63,100,283.55,100,15m 29s,36,47/9,80,75/91,1,1/0,1 023 020 459,19,12
flashzip,0.99d1,-m9 -b5,,5,5,820 705 242,24.9,1673.48,100,156.09,100,30m 30s,172,173/157,80,57/325,32,32/29,820 534 568,365,341
xwrt,3.2,-l2 +d -f65535 -m32,,20,10,1 219 417 009,37,444.45,100,45.98,98,8m 10s,8,8/6,79,57/292,0,0/0,1 218 900 741,103,99
imp,1.12,-m3,,22,11,1 077 446 961,32.6,731.19,100,51.87,99,13m  3s,23,23/27,79,55/416,0,0/0,1 077 365 280,8,3
bsc,1.0.3,-pt -m1 -b110,,16,26,1 004 653 843,30.4,416.64,100,600.8,100,16m 57s,40,90/5,78,124/46,1,2/0,1 004 444 332,554,554
gca,0.9k,,,20,22,1 036 301 637,31.4,641.84,100,272.06,100,15m 14s,31,41/8,78,72/91,1,1/0,1 036 242 442,25,10
xwrt,3.2,-l2 -b32 -m32,,20,10,1 216 395 120,36.9,462.33,100,45.78,99,8m 28s,8,8/7,77,55/296,0,0/0,1 216 268 806,96,100
sbc,0.970r3,-m3 -b63,,8,11,858 047 074,26,1186.89,100,487.84,100,27m 55s,124,161/33,77,71/92,15,20/4,857 933 836,228,216
yzx,0.02,-m1 -c4 -b4,,12,13,900 100 865,27.3,1310.72,100,153.05,100,24m 24s,89,91/66,76,56/254,7,7/5,899 983 683,397,71
bwc,0.99d,,,18,24,1 110 328 059,33.6,440.64,100,293.09,100,12m 14s,17,26/3,76,82/66,0,0/0,1 110 316 439,9,5
sr,2,,,11,24,1 248 099 576,37.8,209.66,100,257.22,100,7m 47s,6,12/1,75,109/47,0,0/0,1 248 095 573,7,7
bsc,1.0.3,-pt -m3 -b110,,15,23,958 765 606,29.1,641.06,123,586.45,100,20m 28s,55,97/9,75,94/55,2,4/0,958 556 095,554,554
arj,3.15,,,17,21,1 240 458 330,37.6,360.92,96,118.97,89,8m  0s,6,8/2,75,65/105,0,0/0,1 240 300 838,3,2
ccm,1.30c,5,½*,4,3,735 303 098,22.3,1332.17,100,1270.86,100,43m 23s,312,562/50,74,95/53,150,270/24,735 290 152,533,533
winace,2.6,-d4096 -m4,,11,15,898 403 943,27.2,1296.7,97,249.62,84,25m 46s,86,94/41,73,57/157,7,7/3,898 359 930,39,11
bsc,1.0.3,-pt -m2 -b110,,17,25,990 240 805,30,503.86,100,624.14,100,18m 48s,42,87/6,73,107/46,1,2/0,990 031 294,558,554
yzx,0.03,-m2 -c5 -b6,,11,12,877 080 766,26.6,1532.03,100,153.03,100,28m  5s,100,101/85,72,51/275,10,10/8,876 964 209,398,264
blizzard,0.24b,c,,16,24,974 694 515,29.5,610.72,100,599.66,100,20m 10s,47,86/7,72,93/51,2,3/0,974 681 115,27,26
quad,1.12,-x,,23,19,1 047 663 166,31.7,794.53,100,156.98,100,15m 52s,26,29/13,72,56/152,0,0/0,1 047 637 026,34,35
7-zip,4.2,,,11,9,876 512 349,26.6,1557.67,100,131.62,99,28m  9s,100,100/100,72,51/320,10,10/10,876 335 086,35,8
szip,1.12,,,17,28,1 107 844 737,33.6,410.47,100,382.15,100,13m 13s,16,29/3,71,89/51,0,0/0,1 107 817 574,9,10
bssc,0.95a,-b16383,,18,22,991 289 506,30,803.95,100,354.64,100,19m 19s,41,54/10,71,67/81,1,2/0,991 243 610,139,82
blizzard,0.24b,c 100000000,,12,17,912 765 871,27.7,804.64,100,704.69,100,25m  9s,75,129/12,71,87/53,5,9/1,912 752 471,577,576
sbc,0.970r3,-m1 -b63 -of -ad,,14,21,936 774 698,28.4,866.16,100,545.69,100,23m 32s,61,92/12,70,75/63,3,5/1,936 661 460,198,197
zcm,0.50ai,-m5,***,1,3,692 818 251,21,1603.69,100,1570.61,100,52m 54s,410,748/65,70,91/49,316,576/50,692 689 644,474,474
info-zip,2.3,-8,,18,21,1 253 854 441,38,383.15,100,117.5,99,8m 21s,5,6/2,69,59/102,0,0/0,1 253 830 889,5,2
gzip,1.3.3,-9,,21,5,1 225 452 814,37.1,515.95,100,34.25,100,9m 10s,6,6/8,69,48/384,0,0/0,1 225 415 781,2,2
mcomp,2,-M112M -mw,,14,22,953 879 069,28.9,710.36,100,687.74,100,23m 18s,51,93/8,67,86/47,2,4/0,953 738 443,566,565
flashzip,0.99c3,-m3 -c7 -b5,,6,5,824 508 814,25,2009.33,389,157.23,100,36m  7s,139,138/149,66,47/319,25,25/27,824 261 508,366,341
winace,2.6,-d4096 -m5,,11,15,897 631 771,27.2,1447.73,97,249.72,84,28m 17s,79,85/42,66,51/157,6,7/3,897 587 758,39,11
yzx,0.02,-m2 -c4 -b4,,12,12,889 588 465,27,1618.55,100,151.9,100,29m 30s,83,83/75,65,47/265,7,7/6,889 471 283,397,71
nanozip,0.07a,-m.5g -cO,½**,3,2,673 630 013,20.4,3127.94,100,536.79,100,1h  1m  5s,440,475/234,65,50/154,419,453/223,673 512 718,581,381
hook,1.4,55,,18,25,1 004 598 181,30.4,667.73,100,545.29,100,20m 13s,34,56/6,65,77/50,1,1/0,1 004 566 333,166,166
grzipii,0.24,,,19,26,1 021 048 323,30.9,612.37,100,571.29,100,19m 44s,29,51/5,63,80/46,1,1/0,1 020 990 749,54,32
sr,3c,,,16,26,1 191 877 006,36.1,349.78,100,323.99,100,11m 14s,8,13/1,63,79/45,0,0/0,1 191 870 189,6,6
balz,1.15,ex,,17,20,963 568 086,29.2,1245.47,100,183.14,100,23m 49s,45,48/27,63,47/172,2,2/1,963 535 157,66,66
jar,1.02,-m3,,25,21,1 074 037 026,32.5,837.8,99,168.92,97,16m 47s,19,21/9,62,49/129,0,0/0,1 073 880 254,9,5
jar,1.02,-m4,,26,20,1 051 791 194,31.9,911.62,99,168.14,97,18m  0s,22,24/11,62,48/140,0,0/0,1 051 634 422,15,7
grzipii,0.24,-b8m -m1,,19,26,1 013 868 721,30.7,652.69,100,583.08,100,20m 36s,30,52/5,62,76/46,1,1/0,1 013 811 147,85,50
ccm,1.30c,x 5,*,4,4,729 932 323,22.1,1650.23,100,1587.67,100,53m 58s,266,481/42,61,78/43,136,245/22,729 919 279,533,533
grzipii,0.24,-a -b8m -m3,,19,27,1 047 742 959,31.7,573.64,100,563.14,100,18m 57s,22,40/3,60,78/42,0,1/0,1 047 685 385,58,51
uharc,0.6b,-mdp -m1,,5,5,791 477 304,24,2437.19,100,374,100,46m 51s,155,164/91,57,43/150,40,42/23,791 367 562,295,36
bma,1.35b,,,20,27,1 065 270 990,32.3,619.45,100,503.75,96,18m 43s,18,31/3,57,68/45,0,0/0,1 065 226 801,45,46
flashzip,0.99c2,-m3 -c7 -b5,,6,6,824 392 933,25,2452.31,100,160.14,100,43m 32s,115,113/147,55,38/313,21,20/26,824 261 508,365,340
grzipii,0.24,-p -b8m -m1,,21,27,1 025 363 799,31.1,757.39,100,615.77,100,22m 53s,24,39/4,54,63/42,0,1/0,1 025 306 225,89,50
ybs,0.3f,-m16m,,25,26,1 037 651 678,31.4,871.16,100,450.17,100,22m  1s,21,30/5,54,53/55,0,0/0,1 037 614 031,146,82
info-zip,2.3,-9,,22,20,1 235 998 960,37.5,562.22,100,117.33,99,11m 20s,5,5/2,54,42/108,0,0/0,1 235 975 408,5,2
dark,0.51,p-b118m,,21,27,1 063 628 831,32.2,669.26,100,521.06,100,19m 50s,18,29/3,54,63/43,0,0/0,1 063 597 340,481,480
xwrt,3.2,-l6 +d -f65535 -m32,,9,8,857 988 198,26,2303.92,100,129.11,100,40m 33s,85,83/125,53,36/347,10,10/15,857 471 930,170,105
xwrt,3.2,-l6 -b32 -m32,,7,7,857 480 793,26,2305.62,100,128.76,100,40m 34s,86,83/126,53,36/349,11,10/16,857 354 479,186,106
grzip,0.7.3,,,22,28,1 026 252 740,31.1,786.58,100,634.05,100,23m 41s,23,37/4,52,61/40,0,1/0,1 026 211 825,87,44
rzm,0.07h,,*,5,3,771 921 245,23.4,3173.41,100,217.2,99,56m 31s,159,157/194,51,35/275,51,50/62,771 905 388,260,131
grzip,0.7.3,-a -i,,24,27,1 037 454 711,31.4,823.25,100,584.91,100,23m 28s,20,32/4,50,56/42,0,1/0,1 037 413 796,86,44
bix,1.00b7,,,27,11,1 063 011 550,32.2,1227.3,100,70.86,98,21m 38s,16,16/23,50,35/319,0,0/0,1 062 951 723,19,11
uharc,0.6b,-mdp -m2,½,5,4,780 467 656,23.7,3051.99,100,371.22,100,57m  3s,144,148/103,49,36/156,42,43/30,780 357 914,295,36
squeez,5.62,-m5,,13,19,930 059 173,28.2,1801.87,100,305.76,99,35m  8s,44,48/24,48,37/115,2,3/1,929 862 682,41,17
qazar,0.0pre5,,,23,28,1 078 728 064,32.7,765.47,100,512.79,100,21m 18s,14,22/3,48,53/42,0,0/0,1 078 668 395,38,38
ppmd,Jr1,,,20,29,1 089 458 583,33,606.67,100,687.75,100,21m 34s,12,24/2,46,64/30,0,0/0,1 089 434 089,12,12
zcm,0.11,c5,*,4,4,724 123 309,21.9,2232.44,100,2197.95,100,1h 13m 50s,207,380/33,45,59/32,113,206/18,724 091 684,428,428
flzp,1,,,12,10,1 671 107 339,50.6,149.92,100,38.22,100,3m  8s,0,0/0,45,37/78,0,0/0,1 671 103 117,10,10
uharc,0.6b,-mdp -m3,½,7,4,774 962 651,23.5,3519.69,100,367.72,100,1h  4m 47s,134,137/111,44,31/161,42,42/34,774 852 909,295,36
uharc,0.6b,-mw,,12,27,1 529 667 693,46.4,186.8,100,141.81,99,5m 29s,0,1/0,42,48/34,0,0/0,1 529 557 951,6,6
bcm,0.05,-b120000,,16,24,958 974 364,29.1,1176.42,100,1086.59,100,37m 43s,30,53/5,41,51/29,1,2/0,958 914 483,590,590
ppms,j,,,22,29,1 080 763 389,32.8,707.23,100,773.56,100,24m 41s,12,23/2,41,56/28,0,0/0,1 080 739 634,3,3
paf,03a,,,19,26,994 418 219,30.1,992.72,100,1045.35,101,33m 58s,22,42/3,40,54/27,1,1/0,994 402 347,164,164
paf,03a,-a0,,19,26,994 417 696,30.1,996.19,100,1047.49,101,34m  4s,22,42/3,40,53/27,1,1/0,994 401 824,164,164
m99,2.21,96m,,23,30,1 161 474 702,35.2,728.36,96,450.48,93,19m 39s,6,9/1,40,42/36,0,0/0,1 161 414 606,592,581
bcm,0.11,-b118,,18,24,963 738 614,29.2,1287.56,100,998.7,100,38m  6s,28,46/5,40,46/32,1,2/0,963 679 106,594,594
ppmd,sh8,/m590 /o6,,17,26,977 588 543,29.6,1123.02,100,1173.69,100,38m 17s,24,45/4,38,50/26,1,1/0,977 543 388,594,594
ppmd,sh8,/m590 /o16,,15,22,942 394 965,28.6,1263.86,100,1314.33,100,42m 58s,32,59/5,38,50/26,2,3/0,942 349 810,594,594
bcm,0.07,-b120000,,17,25,958 976 205,29.1,1357.52,100,1089.65,100,40m 47s,28,46/5,38,44/29,1,2/0,958 914 498,590,590
ppmd,sh8,/m590 /o6 /e,,19,27,992 610 056,30.1,1143.69,100,1201.73,100,39m  5s,20,37/3,35,47/24,1,1/0,992 564 901,594,594
flashzip,0.99b8,-m3 -c7 -b7,,8,7,852 000 822,25.8,3637.28,100,146.06,100,1h  3m  3s,59,56/118,35,24/313,8,7/16,851 881 221,389,356
bzip,0.21,,,27,29,1 115 973 584,33.8,1108.02,100,495.3,100,26m 43s,7,10/2,34,32/38,0,0/0,1 115 947 024,9,7
uharc,0.6b,-mdp -mx,,5,5,747 273 011,22.6,3182.8,100,2664.78,100,1h 37m 28s,121,206/21,32,38/24,51,87/9,747 163 269,54,54
bcm,0.08,e118,,16,23,955 414 069,29,1641.73,100,1377.01,100,50m 19s,23,39/4,31,37/24,1,2/0,955 352 035,595,594
zcm,0.03,c5,,5,5,739 820 406,22.4,3351.5,100,3277.89,100,1h 50m 29s,116,212/18,29,37/20,53,97/8,739 792 761,408,408
nanozip,0.09a,-m.5g -cc,*****,0,0,623 643 550,18.9,4904.45,102,4792.47,101,2h 41m 37s,290,528/46,29,37/20,481,877/76,623 520 670,528,522
ppmd,sh8,/m590 /o6 /r,,19,26,967 809 379,29.3,1595.01,100,1647.65,100,54m  3s,19,35/3,28,36/19,1,1/0,967 764 224,594,594
nanozip,0.08a,-m.5g -cc,****,1,1,625 721 115,19,5004.31,101,4823.78,100,2h 43m 48s,279,505/44,28,36/20,453,821/72,625 591 579,552,547
nanozip,0.07a,-m.5g -cc,****,2,0,634 850 805,19.2,5119.5,100,4679.89,100,2h 43m 19s,253,446/41,28,34/20,371,655/61,634 733 510,546,545
m1,x2-0.6,6 enwik7.txt,,13,18,919 992 547,27.9,1869.35,100,1918.86,100,1h  3m  8s,28,51/4,28,37/19,2,3/0,919 950 281,517,517
m03,0.2a1,100000000,,17,24,958 790 242,29.1,1832.02,100,1507,100,55m 39s,20,34/3,28,33/21,1,1/0,958 712 742,580,576
ppmd,sh8,/m590 /o6 /e /r,,20,27,981 191 367,29.7,1620.22,100,1680.95,100,55m  1s,16,30/2,26,34/18,0,1/0,981 146 212,594,594
lzturbo,0.95,-p0 -59,**,13,1,899 105 522,27.2,4370.11,100,26.18,330,1h 13m 16s,30,28/391,26,17/1492,2,2/30,899 005 329,552,342
lzop,1.03,-9,*,27,3,1 359 611 931,41.2,930.76,100,10.44,100,15m 41s,1,1/6,26,17/806,0,0/0,1 359 558 662,2,2
cmm4,0.1e,75,,6,6,766 629 366,23.2,3382.41,100,3436.73,100,1h 53m 39s,84,156/13,26,34/18,28,53/4,766 601 938,522,522
lzturbo,0.95,-p0 -39,½**,22,0,998 922 993,30.3,3221.97,100,11.47,274,53m 53s,13,12/294,25,16/2442,0,0/8,998 822 800,552,357
mcomp,2,-M256M -mf3,*,6,3,760 902 054,23.1,6828.7,100,398.77,100,2h  0m 27s,84,82/119,25,17/155,31,30/43,760 761 428,535,261
m99,2.21,-m 96m,,28,30,1 087 166 659,32.9,1298.38,98,1178.95,98,41m 17s,7,12/1,24,30/18,0,0/0,1 087 106 563,592,581
ppmd,sh8,/m590 /o8 /r,,16,23,943 918 892,28.6,2063.92,100,2119.86,100,1h  9m 44s,19,36/3,23,31/16,1,2/0,943 873 737,594,594
ppmd,Jr1,-m256 -r1 -o8,,20,27,979 738 546,29.7,1859.17,100,1938.92,100,1h  3m 18s,14,27/2,23,30/15,0,1/0,979 714 052,259,259
paf,03a,-r1,,21,28,993 340 485,30.1,1853.66,100,1903.55,100,1h  2m 37s,12,23/2,22,29/15,0,1/0,993 324 613,164,164
ppmd,sh8,/m256 /o8 /e /r,,20,27,978 667 175,29.7,2039.69,100,2102.38,100,1h  9m  2s,13,25/2,21,28/14,0,1/0,978 622 020,258,258
lzturbo,0.95,-p0 -29,½**,27,0,1 057 859 264,32.1,3170.34,100,10.4,241,53m  1s,7,7/169,21,14/2212,0,0/2,1 057 759 071,552,365
zzip,0.36c,-mx -a -15m,,29,29,1 096 718 393,33.2,2344.55,100,596.47,100,49m  1s,5,6/2,20,16/34,0,0/0,1 096 694 707,183,80
bcm,0.09,-b118,,17,24,945 045 025,28.6,2691.01,100,2319.61,100,1h 23m 31s,16,27/3,19,23/14,1,1/0,944 980 651,603,603
lpaq,8,7,,5,5,728 206 074,22.1,5069.85,100,5113.64,100,2h 49m 43s,86,160/13,19,26/14,45,83/7,728 195 346,394,394
lzturbo,0.95,-p0 -19,**,30,1,1 127 755 660,34.2,3225.78,100,10.5,217,53m 56s,3,3/77,16,11/1736,0,0/0,1 127 655 467,552,354
ppmd,sh8,/m590 /o16 /r,,14,21,936 667 966,28.4,3111.94,100,3175.34,100,1h 44m 47s,14,26/2,16,21/11,1,1/0,936 622 811,594,594
bred,3,-M16 -m729,,28,27,1 488 622 379,45.1,977.78,100,264.9,100,20m 43s,0,0/0,13,10/21,0,0/0,1 488 616 252,78,63
ppmonstr,Jr1,-m600 -o16,,6,6,734 521 831,22.3,9663.08,100,9750.66,100,5h 23m 34s,42,78/7,10,13/7,20,38/3,734 484 202,609,609
lzrw,0,5,,14,13,1 996 068 499,60.5,317.04,100,18.19,99,5m 35s,0,0/0,9,6/55,0,0/0,1 996 063 946,2,2
bred,3,-M100 -m729,,29,28,1 528 637 218,46.3,1288.9,100,282.31,100,26m 11s,0,0/0,9,7/17,0,0/0,1 528 631 091,481,480
ecp,0.e.s,-p -b100,,30,30,1 106 124 760,33.5,7308.52,100,618.67,100,2h 12m  7s,2,2/2,7,5/32,0,0/0,1 106 114 189,64,64
fpaq,c,,,23,30,1 864 155 834,56.5,567.69,100,418.61,100,16m 26s,0,0/0,5,5/4,0,0/0,1 864 151 029,3,2
copy,1.1,-k,*****,0,0,3 317 341 140,100.5,4.12,99,4.67,99,9s,0,0/0,4,6/3,0,0/0,3 317 337 856,2,2
copy,1.1,,***,1,3,3 317 341 140,100.5,5.81,99,6.14,96,12s,0,0/0,3,4/2,0,0/0,3 317 337 856,1,1
copy,0,,½***,0,3,3 317 339 557,100.5,5.56,100,6.09,96,12s,0,0/0,3,4/2,0,0/0,3 317 337 856,1,1
uharc,0.6b,-mr,,13,16,2 741 467 883,83.1,78.69,99,81.66,99,2m 40s,0,0/0,2,2/1,0,0/0,2 741 358 141,6,6
fpaq,0,,,21,31,2 285 851 049,69.3,486.7,100,530.79,100,16m 57s,0,0/0,1,1/1,0,0/0,2 285 847 269,2,2
