class,gui,program,source available,% weighted average,encoding time in seconds,decoding time in seconds,APP,AUDIO (WAV),CAMERA RAW,GUTENBERG,INSTALLER,MOBILE,PGM / PPM,SOURCES,XML,usual file extension,bit depth,cores,when released / developed,where developed (country),algorithms used,program age in years
CM,GUI,NanoZip 0.08  -cc -m2g ('10) Sami Runsas,,105.09608,6933,6718,69728614,344830061,454178452,271181957,572480489,478680399,273691671,31341330,150005854,.nz,win64,1,3-Jun-2010,Finland,Fast CM + filter,4.06
CM,GUI,NanoZip 0.09  -cc -m2g ('11) Sami Runsas,,105.11346,6687,6653,69699825,344830935,454082848,273648068,572487400,478618331,273648831,31322350,149750763,.nz,win64,4,4-Nov-2011,Finland,Fast CM + filter,2.64
CM,◦,ZCM 0.88 -m7 -r -s (2013) Francesco Nania,,108.26542,1723,,75418609,374148733,459900610,286929481,574442060,483725771,264529873,33321514,163973392,.zcm,win32,1,21-Jun-2013,Italy,Fast CM + filter,1.01
CM,◦,ZCM 0.70d -m7 -r -s (2012) Francesco Nania,,109.34725,1968,2379,75621740,386194956,463205174,285838300,574059514,484204751,268775465,33915597,166349880,.zcm,win32,1,16-Oct-2012,Italy,Fast CM + filter,1.69
CM,◦,ZCM 0.60d -m7 -r -s (2012) Francesco Nania,,109.90809,2278,1988,75296590,386587597,479334429,292250083,574089434,483947409,269208615,33841222,164815299,.zcm,win32,1,11-Sep-2012,Italy,Fast CM,1.79
CM,GUI,Precomp 0.4.3 + FreeARC 0.67 ultra +exp B. Ziganshin,☺,110.28251,5261,772,68304203,351107079,489483982,266960540,578428557,463570395,303459585,34744226,184970713,.arc,win32,1,12-Dec-2012,Russia,Dedup. + LZMA + PPMd + GRZip + TTA,1.54
CM,◦,ZCM 0.50 -m7 -r -s (2012) Francesco Nania,,110.36363,2151,2290,75468211,387303577,484866267,295203523,577288969,484732964,274063005,33687899,163874712,.zcm,win32,1,2-Jun-2012,Italy,Fast CM,2.07
CM,◦,ZPAQ 6.23 -method 8 ('13) Matt Mahoney,☺,110.42622,14814,,70980256,425179239,447489322,281886218,576298915,480913794,286018404,30632248,153677859,.zpaq,win64,8,25-Mar-2013,United States,Dedup. + Fast CM + filter,1.25
CM,◦,ZPAQ 6.33 -method 77 ('13) Matt Mahoney,☺,110.60004,11750,,71858850,425204026,447512299,283252643,576622979,480937821,286204166,31381272,157683624,.zpaq,win64,8,21-Jun-2013,United States,Dedup. + Fast CM + filter,1.01
CM,GUI,NanoZip 0.09 -cO -m2g ('11) Sami Runsas,,110.61308,2791,1284,77381984,346114516,469040251,302565445,572140371,484239749,276707145,35424470,172140357,.nz,win64,4,4-Nov-2011,Finland,BWT + LZT + filter,2.64
CM,◦,ZCM 0.40 -m7 -r -s (2012) Francesco Nania,,110.91867,2169,2175,76787070,386870808,488572394,296469155,577436637,484983882,274060854,33890897,165529281,.zcm,win32,1,16-May-2012,Italy,Fast CM,2.11
CM,◦,ZPAQ 6.43 -method 67 ('13) Matt Mahoney,☺,111.06642,14152,,71858143,425023907,447161962,283234100,576625702,480925972,286197426,31386867,157682201,.zpaq,win64,8,16-Dec-2013,United States,Dedup. + Fast CM + filter,0.53
CM,GUI,WinRK 3.1.2 (ROLZ3) ('06) Malcolm Taylor,,111.10112,7416,2596,76614559,343812879,485395149,286131614,573646514,481541757,266877734,34882268,181306077,.rk,win64,4,1-Mar-2006,New Zealand,ROLZ-3 + PPM,8.32
CM,◦,CCMx 1.30c opt. 7 Christian Martelock,,111.37352,2760,2850,78398914,391606412,466979717,289869520,577169132,484047738,296599146,32892892,167908122,.ccmx,win32,1,24-Apr-2008,Germany,Fast CM + filter,6.17
CM,GUI,WinRK 3.1.2 (ROLZ2) ('06) Malcolm Taylor,,112.43209,7068,2446,79404688,345763924,497270881,286859957,586211755,484970039,266988020,35221720,182165440,.rk,win64,4,5-Feb-2012,New Zealand,ROLZ-3 + PPM,2.39
CM,◦,MCM 0.3 -9 (2013) Matthieu Chartier,,112.60664,4783,,82529921,450157372,458055272,283140276,577002867,482161433,294329466,32210270,156605126,.mcm,win32,1,17-Jun-2013,Canada,Fast CM,1.03
CM,◦,MCM 0.4 -9 (2013) Matthieu Chartier,☺,113.69469,4707,,83602512,451091291,462517672,286044317,578346969,482662407,300188192,32963389,158018013,.mcm,win32,1,23-Jul-2013,Canada,Fast CM,0.93
CM,GUI,NanoZip 0.09 -co -m2g ('11) Sami Runsas,,113.79406,476,,81589626,347884435,491875984,299055780,579100338,485878580,277080042,38903203,185674185,.nz,win64,4,4-Nov-2011,Finland,BWT + LZT + filter,2.64
CM,GUI,FreeARC 0.67 (2012) ultra Bulat Zigashin,☺,113.98933,2091,,80135168,351107079,501293683,302192145,578708723,490303204,303462080,34886587,184182322,.arc,win32,2,12-Dec-2012,Russia,Dedup. + LZMA + PPMd + GRZip + TTA + delta,1.54
CM,◦,PAQ9a -9 ('07) Matt Mahoney et al.,☺,114.07239,15702,16591,79385282,454055569,457915837,280356591,574254311,481186044,294809748,31283840,159137846,.paq9a,win32,1,31-Dec-2007,United States,LZP + Fast CM,6.49
CM,◦,LPAQ9m -9 (2009) Matt Mahoney et al.,☺,114.41153,11152,11947,82315624,483211343,466721795,283643675,574158259,483441042,298879799,31224332,149353612,.lpaq9m,win32,1,20-Feb-2009,USA + Russia,Fast CM,5.35
CM,◦,LPAQ9i -9 (2008) Matt Mahoney et al.,☺,114.46857,11191,12359,82714262,487740113,466891537,281229305,574033450,483245196,296361005,31263296,149804592,.lpaq9i,win32,1,27-Apr-2008,USA + Russia,Fast CM + E8E9,6.16
CM,◦,LPAQ7e -9 (2007) Matt Mahoney et al.,☺,114.83981,11071,11481,82483738,504932570,464634575,278351488,574136654,481952693,298708197,31143250,150172517,.lpaq7e,win32,1,31-Oct-2007,USA + Russia,Fast CM + E8E9,6.66
CM,◦,LPAQ4e -9 (2007) Matt Mahoney et al.,☺,115.34216,10865,11715,83789117,507404490,461784004,278771170,574253251,480992119,296982199,31636700,153118456,.lpaq4,win32,1,1-Oct-2007,USA + Russia,Fast CM + filter,6.74
CM,◦,TANGELO 2.0 (2013) Jan Ondrus,☺,115.42819,19933,,78906065,451394450,458817126,288474516,576488437,481671721,291703582,31314571,164118727,.tan,win32,1,6-Jul-2013,Czech Republic,Fast CM,0.97
CM,GUI,Precomp 0.4.3 + 7-ZIP 9.3.0 ultra 128MB,,116.42884,6491,,78762255,441043625,487151173,267535706,576683197,460935592,337122045,35800534,180044575,.7z,win32,1,2-Jan-2009,Russia,LZMA2lc4:128; PPMd:1024 o10 + delta:3,5.48
CM,◦,CMM4 0.2b 96 (2008) Christopher Mattern,☺,116.62104,5534,4843,84362230,510874018,468665303,286575129,578462992,483475436,303327118,32582554,164930949,.cmm4,win32,1,4-Jun-2008,Germany,Context Mixing,6.06
CM,◦,LPAQ1 -9 (2007) Matt Mahoney et al.,☺,116.86397,11332,12095,84488523,516330193,467019940,281496506,574106066,481430206,304463339,31930129,157883859,.lpaq1,win32,1,24-Jul-2007,United States,Fast CM,6.92
CM,GUI,UHARC 0.6b -mx/-m3 -mm+ U. Herklotz,,116.97022,8159,,80232277,395293930,477253880,301703146,576204183,485825646,292075855,35198987,203974516,.uha,win32,1,6-Feb-2005,Germany,PPM 50 MB + LZ + ARI 291 MB,9.39
CM,GUI,7-ZIP 9.3.0 LZMA2 ultra128:fb273:bt4:lc4,☺,117.06648,2830,1639,79500816,441035970,493043375,304617390,577098703,487440321,322709493,36126394,179406622,.7z,win64,4,7-Sep-2012,Russia,"LZMA2:128, PPMd:1024 o14, delta:3",1.8
LZMA,◦,BIT 0.7 LWCX -P=5 Osman Turan,,117.3227,6284,,85276158,510306657,468307527,287061074,578113802,483390665,303742288,32915199,168718324,.bit,win32,1,4-Jan-2009,Turkiye,Context Mixing,5.48
CM,GUI,UHARC 0.4 ('01) -mx/-m3 -mm+ U. Herklotz,,117.60932,5590,,83847245,397613629,478646282,304729847,582549377,485987428,293432096,36934509,212232106,.uha,win32,1,28-Dec-2001,Germany,LZP ALZ PPM,12.49
LZMA,◦,TANGELO 2.4 (2013) Jan Ondrus,☺,117.75499,3947,,90970960,522955272,475340089,272133582,577858048,459121106,318791327,33876178,174391732,.tan,win32,1,17-Aug-2013,Czech Republic,Fast CM,0.86
LZMA,◦,PPMonstr ver J -o16 -m1600 D. Shkarin,,117.78993,24383,24475,77709784,490752860,476341671,284281919,577945041,482786594,309513090,31490102,154192936,.pmm,win32,1,16-Feb-2006,Russia,PPM-II,8.36
LZMA,◦,SBC 0.970r3 -m3 -b63 -os Sami Makinen,,118.00548,2250,,97303748,352299035,473450475,304275096,582698288,485944367,304403688,38774613,194610863,.sbc,win64,1,11-Mar-2008,Finland,BWT + ARI,6.29
LZMA,◦,TANGELO 2.3 (2013) Jan Ondrus,☺,118.04697,3665,,89309602,516077838,474196801,290752195,577801308,484812825,312002309,33346539,172846758,.tan,win32,1,22-Jul-2013,Czech Republic,Fast CM,0.93
LZMA,GUI,Squeez 5.63 / SpeedCmd (32MB ultra) auto,,118.3857,7325,,85752271,361509947,489920850,298886419,577911802,483275656,355828299,40097449,185335396,.sqx,win64,1,11-May-2005,Germany,"LZR / PPM (o8, 768 MB) + filter",9.13
LZMA,◦,RZM 0.07e (2008) Christian Martelock,,118.43869,5095,,80746777,470056236,478724569,307929578,576714890,484783957,320968722,34837417,193711323,.rzm,win32,1,16-Mar-2008,Germany,64 MB sliding window ROLZ,6.28
LZMA,◦,REFLATE 0c1 (2012) Eugene Shelwien,☺,118.58749,10107,,76576376,535503906,486028153,304551121,494587185,474923533,349677414,33730570,193096414,.ref,win32,1,31-Dec-2011,Russia,ZLIB/JPEG recompressor + LZMA,2.49
LZMA,GUI,"Compressia 1.0b max, 15MB, english, solid Yaakov Gringeler",,118.88569,23753,,82086199,488772424,475960844,298548015,591134831,491043803,310841214,37257475,182328204,.car,win32,1,1-Mar-2003,Israel,BWT + ARI + PPM-II + filter,11.32
LZMA,◦,Packet 1.1 -h4 -b512 -mx Francesco Nania,,119.27314,3046,,85566387,400864727,481667787,313282760,574046330,485433113,297838031,38728339,215148334,.packet,win32,1,7-Dec-2013,Italy,LZ77 + Fast CM,0.55
LZMA,GUI,FLASHZIP 1.1.3 (2013) -r -s -mx3 -k7 -b1024,,119.31325,1667,,88961837,384619601,496852845,319261810,578923326,486803989,288721818,38740607,210064678,.flz,win32,1,5-Aug-2013,Italy,ROLZ + ARI,0.89
LZMA,GUI,FLASHZIP 1.1.0 (2012) -r -s -mx3 -k7 -b1024,,119.33399,1697,,88961837,384633518,497660006,319268847,578923326,486803989,288721818,38740447,210064678,.flz,win32,1,3-Dec-2012,Italy,ROLZ + ARI,1.56
LZMA,GUI,UHARC 0.6b -m3 -mm+ -md+ 32 MB U. Herklotz,,119.62002,8793,,84008979,396767348,486843544,330829476,576204182,486101118,292738127,38185525,218104700,.uha,win32,1,6-Feb-2005,Germany,ALZ3 291 MB,9.39
LZMA,GUI,STUFFIT 14.0.1.27 (2010) bit-perfect,,119.92363,2679,,95432555,403289660,484760105,271777543,585557564,452056163,344467525,39655270,200157791,.sitx,win64,8,8-Feb-2010,United States,LZARI 5:28 / PPM 16:30,4.38
LZMA,◦,MComp 2.00 -mf3x 600m (2008) M. Taylor,,119.96754,11171,,84823247,515406343,485310639,299880731,576103500,484900652,343864694,33861762,179927192,.mcomp,win64,1,23-Aug-2008,New Zealand,ROLZ-3,5.84
LZMA,GUI,WinRar 4.20 solid best force PPMd E. Roshal,,120.1895,3285,2183,92959368,408872338,487351765,305582289,592737914,490590092,319664733,38238952,192946122,.rar,win64,1,9-Jun-2012,Russia,PPM-II o9-128M + filter,2.05
LZMA,◦,BSC 3.1.0 -b1024r -m0 -e2 Ilya Grebnov,☺,120.59777,1069,650,106062384,413460698,504212594,294567520,585458040,490817414,324642920,38190522,167869306,.bsc,win64,8,8-Jul-2012,Russia,BWT + libdifsufsort + QLFC + CM + filter,1.97
LZMA,◦,BSC 3.1.0 -b1024rsca -m0 -e2 Ilya Grebnov,☺,120.78965,1319,,105153385,413450026,504454068,294567520,585458040,490817414,324577856,38261586,172050326,.bsc,win64,8,8-Jul-2012,Russia,BWT + libdifsufsort + QLFC + CM + filter,1.97
LZMA,◦,TC 5.2 Dev 2 (2007) Ilya Muravyov,,120.97694,9846,,88221049,533737274,477290425,293893106,581154502,484626306,316902047,36384661,185618928,.tc,win32,1,5-Feb-2007,Russia,Fast PAQ Weighting,7.39
LZMA,◦,PPMonstr ver I (2002) -o16 -m800 D. Shkarin,,121.08219,22427,15429,85932151,510674710,478413959,286529751,582155671,486867113,318828729,33346449,158192202,.pmm,win32,1,30-Apr-2002,Russia,PPM-II,12.16
LZMA,◦,BSC 3.1.0 -b1024rsca -m0 -H28 -M255 I. Grebnov,☺,121.31154,1288,,108172356,412185160,507255944,300897766,581534528,484920043,324387750,38202132,172066806,.bsc,win64,8,8-Jul-2012,Russia,LZP+BWT+libdifsufsort+QLFC + CM + filter,1.97
LZMA,◦,Blizzard 0.24 300m ('08) Chr. Martelock,,121.32574,,,98816831,502115581,492083648,293705230,582751906,485502585,306869116,38309760,171545984,.bliz,win32,1,30-Jun-2008,Germany,BWT + filterCM,5.99
LZMA,◦,LZPXJ 1.2h opt. 9 (2007) Ilya Muravyov,☺,121.35444,3430,,90121506,430775908,489930019,315898262,578386352,485829975,323753445,37803252,204385085,.lzpxj,win32,1,7-Mar-2007,Russia,LZ + ARI,7.3
LZMA,GUI,CTXf 0.75 pre-b1 (2003) -me -b L. Nikita,,121.50288,,,101856759,407913955,491460126,308122202,590693341,489051945,311183180,37513145,198221614,.cxf,win32,1,27-Sep-2003,Belarus,PPM-II + filter,10.75
LZMA,◦,Blizzard 0.24 30m ('08) Chr. Martelock,,122.24916,,,97991972,526871036,467663215,297266236,583452991,483739655,300975553,38031300,186228420,.bliz,win32,1,30-Jun-2008,Germany,BWT + filterCM,5.99
LZMA,GUI,WinRar 4.20 solid best auto filter E. Roshal,,122.58817,913,522,93212800,409067261,510033127,307792311,583840363,487787256,321392802,38231702,218410260,.rar,win64,8,3-May-2012,Russia,LZ77 + Huffman + PPM-II o9-128M,2.15
LZMA,GUI,BEE 0.7.9 -m3 -d9 A.Filinsky & M.Caruso,☺,122.6837,,,96006788,551429377,486258767,298267270,593584313,488392823,325177589,36045184,170393336,.bee,win32,1,23-Sep-2005,Russia,PPM,8.76
LZMA,GUI,DGCA 1.00 - 1.10e ('04-'06) Shin-ichi Tsuruta,,122.92189,2004,,111059712,399127808,460377360,309172160,588457568,483831216,297893488,39694096,210053344,.dgc,win32,1,1-Aug-2004,Japan,BWT + ARI,9.9
LZMA,◦,YZX 0.11 -r -s -m9 -b8 -h5 Francesco Nania,,122.97752,1455,,96926596,401535701,494529097,322515123,596487480,487188193,301389949,40203453,213795355,.yzx,win32,1,4-Jan-2012,Italy,LZKS,2.48
LZMA,GUI,PeaZip 3.3 .7z ultra + adv filters G. Tani,☺,123.09528,,,79557116,543048858,499251222,321073660,577113799,487604108,366073941,36178823,179928850,.7z,win64,2,14-Sep-2010,Russia,LZMA:128; PPMD:1536 o10,3.78
LZMA,◦,BCM 0.14 (2013) c1000 Ilya Muravyov,,123.60568,2137,,109064976,499127439,499199461,297005032,591413505,487250991,308769405,39017441,169142589,.bcm,win32,1,23-Jun-2013,Russia,BWT + CM,1.01
LZMA,◦,LZMA SDK 9.20 + LZMAREC E. Shelwien,☺,123.68326,,,86206329,532637848,488712409,305744176,576224449,484247497,361554908,35717780,196089049,.lzma,win32,1,28-Dec-2010,Russia,LZMA with better entropy coding,3.49
LZMA,◦,BBB 1.0 cm100 (2006) Matt Mahoney,,123.7266,17109,,108106941,514242745,479925123,299022344,588953967,485035191,303250005,38867037,176930184,.bbb,win32,1,31-Aug-2006,United States,BWT,7.82
LZMA,◦,M03 1.1 blocksize 1GB M.A. Maniscalco,,123.88802,4658,,107096473,517633014,505470065,296483301,589660415,489144884,319356247,37819153,167169555,.m03,win32,1,24-Oct-2011,United States,BWT,2.67
LZMA,◦,PPMd Jr1 sh8 -o16 -m1600 -c E. Shelwien,,124.09877,,,96927521,549847725,493046240,296677240,590076036,491288116,336818689,37054168,175321640,.pmd,win32,1,9-Dec-2008,Russia,"PPM-II (o16, m1600)",5.55
LZMA,◦,Durilca'light 0.5 -m800 -o32 Dmitry Shkarin,,124.10369,6173,,101735814,546893296,492566701,293867873,587588278,489455650,331538623,36285821,175973254,.dul,win32,1,1-Apr-2006,Russia,PPM-II + filter,8.24
LZMA,◦,M03 0.2 α (2009) 250 MB M.A. Maniscalco,,124.19914,,,108069738,522103606,494193746,296964823,589340653,486960489,318653295,37884010,171677206,.m03,win32,1,11-Oct-2009,United States,BWT,4.71
LZMA,◦,MComp 2.00 -mw -M400m (2008) M. Taylor,,124.21281,,,108270717,501899826,497994252,300046294,590697638,488567000,310736978,39029557,175148453,.mcomp,win64,1,23-Aug-2008,New Zealand,Experimental BWT 2000 MB,5.84
LZMA,◦,BCM 0.12 -b100 (2010) Ilya Muravyov,,124.25783,1593,,109705317,524070262,480453720,300316365,593675968,486671559,304919660,38994819,171873993,.bcm,win32,1,31-Oct-2010,Russia,BWT + CM,3.66
LZMA,◦,"LZHAM α7r1 -m4 -d29 -e -x R. Geldreich, Jr.",☺,124.50221,10405,,88884166,528950524,495594431,310270236,573257031,485522129,357793035,37325895,192771132,.lzham,win64,8,15-Dec-2011,Russia & United States,LZ + Huffman + ARI + MARKOV,2.53
LZMA,◦,CSC 3.2 final (2011) -m3 -d512 -r Fu Siyuan,☺,124.71721,1209,,88534765,411371250,482105407,324170450,577523189,487374122,332646388,41620483,235589271,.csc3,win32,1,18-Aug-2011,China,LZ77 + ARI + filters,2.86
LZMA,◦,"LZHAM α6 -m4 -d29 -e -x R. Geldreich, Jr. ",☺,124.87475,7650,,88961163,537127392,499118240,310356437,573282323,485550450,357894064,37338554,192697401,.lzham,win64,8,10-Jan-2011,Russia & United States,LZ + Huffman + ARI + MARKOV,3.46
CM,◦,Distance Coder 1.24 -b16300el Edgar Binder,,125.04299,,,116635812,421314004,478896238,308597737,594394289,487528532,313543103,40462792,195272402,.dc,win32,1,12-Apr-2000,Germany,BWT + ARI + Distance Coding,14.21
LZMA,GUI,WinRar 5.0 solid best 1024MB E. Roshal,,125.08731,1156,358,90158844,432589940,504354380,331617046,575585759,487400203,346631781,39601660,218721519,.rar,win64,8,22-Aug-2013,Russia,LZ77 + Huffman + filter,0.84
LZMA,GUI,Free Zip Archiver 2.0.1.2 max Hamstersoft,,125.32985,,,80295152,542499471,500230528,321375512,581634110,489936161,365813900,36820961,202974954,.7z,win32,2,6-Mar-2012,United States,LZMA + filter,2.31
LZMA,◦,UHBC 1.0 ('03) -b128m -m3 Uwe Herklotz,,125.44342,,,108002392,528946894,487957436,300665961,587743831,485577118,311046550,38464708,187992164,.uhbc,dos16,1,30-Jun-2003,Germany,BWT + WFC + MTF,10.99
LZMA,GUI,M03 (2005) 32 MB Michael A. Maniscalco,,125.60268,,,108531937,532097101,482505605,302273608,594825412,490128616,317729374,38146497,182664270,.m03,win32,1,15-Feb-2005,United States,BWT,9.36
LZMA,◦,LZMA SDK 9.20 (2010) -d27 -fb273 I. Pavlov,☺,125.64327,,,88578383,541569322,500259902,311681734,581554823,489877140,366175283,36216616,197679384,.lzma,win32,2,18-Nov-2010,Russia,LZMA 9.20,3.61
LZMA,GUI,KuaiZip 2.3.2 (2011) best solid,,125.68009,2374,,81921732,541637746,500544087,322423957,581732635,489874761,365718716,37001167,202974906,.kz,win32,1,22-Sep-2011,China,LZMA (?),2.76
LZMA,◦,SMAC 1.20 (2014) Jean-Marie Barone,☺,126.19638,10982,,103436610,562984205,489531813,296380124,581170478,482917722,346571229,37057356,184851016,.sma,win32,1,2-Jan-2014,France,Fast CM,0.48
LZMA,◦,NanoZip 0.09 -cDP 2GB ('11) Sami Runsas,,126.22252,392,,95021017,357601959,520764815,326122831,574792742,486796795,288783661,44067167,264844379,.nz,win64,4,4-Nov-2011,Finland,LZHDS + filter,2.64
LZMA,◦,SMAC 1.19 (2013) Jean-Marie Barone,☺,126.32566,10869,,103593603,563091725,489903454,296796060,581210127,483008912,346818917,37158994,185164440,.sma,win32,1,13-Dec-2013,France,Fast CM,0.54
LZMA,◦,SMAC 1.18 (2013) Jean-Marie Barone,☺,126.3257,15301,,103593755,563091038,489903135,296796413,581210396,483009146,346818505,37159116,185164417,.sma,win32,1,7-Dec-2013,France,Fast CM,0.55
LZMA,GUI,WinZip 18.0 ZIPX best method - Corel Corp.,,126.41723,993,743,107598037,353119941,499808100,288191080,581665614,466061860,351596474,51599189,202715769,.zipx,win64,8,23-Oct-2013,United States,LZH + BZ2 + LZMA + LZMA2 + PPMd + WV + JPEG,0.68
CM,◦,UHARC 0.2 (1997) -m3 -md2048 -mm+ U. Herklotz,,126.49523,,,96421346,427704915,473765789,340795851,582621787,484745699,294683992,41208512,251404151,.uha,dos16,1,21-Dec-1997,Germany,ALZ3 (?),16.51
LZMA,◦,BSSC 0.95α  -b16383as Sergeo Sizikov,,126.56427,,,106488393,514610218,482648538,305387815,589828182,486063486,322682944,39476848,199433478,.bssc,win32,1,12-Mar-2005,Russia,BWT + DCE + filter,9.29
LZMA,GUI,Power Archiver 13.02.04  7z opt.ultra solid,,126.61163,2698,,82645296,606680942,499781278,308482141,577347120,487529751,366031819,36829715,196472264,.7z,win32,2,24-Sep-2012,United States,LZMA / PPMd,1.76
LZMA,◦,XZ 5.1.3 alpha -9 -e -T0 (2013) Lasse Collin,☺,126.75112,2194,351,89174836,542073960,499282256,316127380,577309560,487397416,366198176,36621412,203103192,.xz,win64,8,25-Nov-2013,Finland,LZMA2 + filter,0.59
LZMA,GUI,WinAce 2.5 - 2.69 max solid + f. M. Lemke,,126.78849,3309,,93533161,402349345,520115641,341769413,585010169,489126332,300556906,41761190,248471149,.ace,win32,1,28-Feb-2005,Germany,LZ77 + Huffman + filter,9.32
LZMA,◦,PPMVC 1.2 -o8 -m256 P. Skibinski,☺,126.90756,,,105065841,552136807,482698369,299863893,591019735,488092322,339815777,38169677,189600577,.pmv,win32,1,11-Jan-2007,Russia / Poland,PPM-II + VARIable Context,7.46
LZMA,◦,TC 5.1 Dev. 7x (512 MB) Ilya Muravyov,,127.0694,,,90373039,533692540,476837081,330228855,583742981,484319020,338880556,37469753,224269866,.tc,win32,1,3-Jan-2007,Russia,LZ with 512 MB dictionary,7.48
LZMA,GUI,LZIP 1.11 -9 (2010) Antonio Diaz Diaz,☺,127.10973,5912,396,90361782,542419333,500000209,316321162,582134631,489939093,367325538,36824254,206805927,.lz,win32,2,26-Sep-2010,- unknown -,LZMA,3.75
LZMA,◦,RINGS 2.0 -s -r -m7 (2013) Francesco Nania,,127.26989,1815,,115689544,406943112,475629327,323516471,586955935,483626079,297851879,53443936,175365258,.zpaq,win32,1,11-Jul-2013,Italy,BWT + ARI,0.96
LZMA,GUI,WinZip 16.0 - 17.5 .ZIPX Corel Corp.,,127.28627,1144,1107,113745713,353119941,499808100,287887660,583318308,466050207,351595430,51171467,202715409,.zipx,win64,8,17-Apr-2012,United States,LZH + BZ2 + LZMA + LZMA2 + PPMd + WV + JPEG,2.19
LZMA,GUI,M03 (2005) 8 MB Michael A. Maniscalco,,127.32185,,,110686632,537803423,478051361,307495411,596877061,489208756,319694127,38142148,195745327,.m03,win32,1,28-Jan-2005,United States,BWT,9.41
LZMA,◦,BALZ 1.11  Mode ex (2008) Ilya Muravyov,☺,127.33083,,,91437732,528099307,490572583,322583267,586053677,490499206,352840233,37346605,217554463,.balz,win32,1,29-May-2008,Russia,LZ77 (greedy parsing),6.08
LZMA,GUI,WinRar 4.20 solid best no PPMd E. Roshal,,127.47559,636,226,94055673,408840098,511441694,340923674,583872759,487786522,321674370,41152941,248944093,.rar,win64,8,3-May-2012,Russia,LZ77 + Huffman + filter,2.15
LZMA,◦,QLFC 6.6w (blocksize 200 MB) Florin Ghido,,127.6206,,,111882033,541403831,498385630,305738834,588307467,485795961,324433275,40260049,180487530,.gq,win32,1,7-Feb-2001,Romania,BWT + ARI,13.39
LZMA,GUI,WinZip 12.0.8252 optimize best  Corel Corp.,,127.66881,,,114068434,353119941,499941562,287992261,584523077,466234013,351717891,51958902,202715769,.zip,win32,1,10-Sep-2008,United States,LZH + SF + BWT + LZMA + PPMd,5.79
LZMA,◦,PPMonstr ver G -o16 -m256 ('00) D. Shkarin,,127.72137,,,108233769,559661105,485197621,304871365,607113152,490093603,337025048,37014952,188392580,.pmm,win32,1,26-Nov-2000,Russia,PPM-II,13.58
LZMA,GUI,B1 Free Archiver 1.4.67 (2013) ultra,☺,127.75225,3623,,90531315,541418792,501457181,319193219,581862268,490060333,366470831,37296432,211635644,.b1,win32,2,11-Oct-2013,United States,LZMA,0.71
LZMA,◦,BWCM c128 (2013) Nauful,,128.32156,4865,,112710682,526989975,488491347,305793155,597466988,491762627,308917391,41458908,182732499,.bwcm,win32,2,2-Dec-2013,United States,LZP + BWT + CM,0.57
LZMA,GUI,Squeez 4.20.440 ('03) 4MB max + filter,,128.39573,4127,,95661953,369832091,517199086,336725810,583950962,487687694,366830143,43625375,237630132,.sqx,win32,1,23-Jul-2003,Germany,LZ + filters,10.93
LZMA,◦,DARK 0.46 -b128mf1s2 (2006) D. Malyshev,,128.41545,,,113572641,547941949,499581603,305213200,595135649,490054574,326389070,40156755,180460007,.dark,win32,1,23-Aug-2006,Russia,BWT + Distance Coding,7.84
LZMA,◦,BMA 1.35 -m64m -mx -ax A. Cherenkov,,128.53243,3483,,109050502,396021787,478872414,322437857,580831147,483988300,325952081,54653845,191082735,.bma,win32,1,19-Jun-2008,Russia,BWT + MTF + RLE + ARI,6.02
LZMA,◦,M99 128 MB -m ('07) Michael A. Maniscalco,,128.61523,,,115809668,541800959,496664847,306068242,591972098,486794888,326725230,41197626,178185035,.m99,win32,1,27-Mar-2007,United States,BWT + MSufSort3.1 + ARI,7.25
LZMA,GUI,"ALZIP 8.5 .EGG solid, p. on ratio ESTSOFT",,129.09279,3438,,91625148,541831172,500777382,321995902,584408803,489807206,366440403,39225968,215667154,.egg,win32,1,7-Oct-2010,Korea,LZMA ?,3.72
LZMA,◦,M99 32 MB -m ('07) Michael A. Maniscalco,,129.17165,,,116097070,540862071,485630231,308767288,591173241,486368507,324381207,41294540,188852254,.m99,win32,1,27-Mar-2007,United States,BTW + MSufSort3.1 + ARI,7.25
LZMA,◦,YBS 0.03f -m16m Vadim Yoockin,,129.86338,,,119353441,543052963,482277855,308911519,601489992,490448245,321867467,39994251,194413052,.ybs,win32,1,22-Sep-2002,Russia,BWT + Distance Coding,11.76
LZMA,◦,DARK 0.50 -b200ms (2006) Dmitry Malyshev,,130.03169,,,115630396,542509538,477088827,309751586,593767607,488747044,321144028,42873280,195580747,.dark,win32,1,8-Oct-2006,Russia,BWT + Distance Coding,7.72
LZMA,◦,ABC 2.4 (2003) -c Jürgen Abel,,130.06467,,,115922733,542777545,479587507,311868301,593027830,485653639,323092232,40252099,206175132,.abc,win32,1,12-Oct-2003,Germany,"BWT + MTF, SiF, AWFC",10.71
LZMA,◦,MComp 2.00 -mc -M512m (2008) M. Taylor,,130.08571,,,113605203,530686585,485385486,306667317,590126320,485300139,331444892,41160241,209600275,.mcomp,win64,1,23-Aug-2008,New Zealand,experimental DMC,5.84
LZMA,GUI,PIM 2.90 (Best) (2009) Ilya Muravyov,,130.13056,,,109487244,436709530,483882325,321416881,587720438,486662689,344731724,49767293,203090900,.pim,win32,1,1-Jan-2009,Russia,PPM + filters,5.49
LZMA,◦,RINGS 1.5 opt. 9 ('08) Francesco Nania,,130.38652,,,113861705,544680797,494820010,314419309,588280135,485809683,324974451,43596595,191679072,.rings,win32,1,21-Apr-2008,Italy,Fast BWT+MTF+Pre-HUF+ARI,6.18
LZMA,GUI,PIM 2.50 (Best) (2008) Ilya Muravyov,,130.55668,,,110439081,436709095,488735879,321530074,591545645,486662941,346090379,49775490,203090900,.pim,win32,1,22-Jul-2008,Russia,PPMd + filter,5.93
LZMA,GUI,WinZip 11.0 - 11.1 optimize best Corel Corp.,,130.71161,,,123954067,353118653,484871726,323070215,597005138,489111257,345595489,51207954,203200393,.zip,win32,1,18-Oct-2006,United States,LZH + SF + BWT + PPMd,7.69
LZMA,GUI,DZO Compressor 0.1.1 beta Essenso Lab,,130.78348,2489,,91988920,546358648,504943936,330980725,585904942,493369032,370691482,39820387,222285703,.dzo,win32,2,28-Jun-2012,India,deduplication + LZMA,1.99
LZMA,GUI,Stuffit 8.0-8.5 (sitx) (Alladin Systems),,130.80715,,,96178107,541133248,500962506,334586086,585659904,489996550,365991876,40288195,216587257,.sitx,win32,1,1-Jan-2003,United States,"BWT, LZ + ARI, PPM + filter",11.49
LZMA,◦,CM0 (2013) Nauful,,131.17963,5041,,107828454,549287007,495786268,317349443,611304042,503297860,337849662,41114563,203670982,.cm0,win32,2,4-Dec-2013,United States,Fast CM,0.56
LZMA,GUI,"CBT 1.072 β 26 Mode 4, solid K-Shinya",,131.21074,,,111799089,557429839,485751994,315205871,596197591,490123917,347307421,39743605,206679277,.cbt,win32,1,11-Mar-2004,Japan,LZ 77 + BWT,10.29
LZMA,GUI,WinArchiver 3.1 (2013) .MZP best ,,131.51605,3011,,92138575,539821325,505676498,330765243,585758383,487621514,368630301,39668539,238368426,.mzp,win32,1,18-Jun-2013,United States,LZMA,1.02
LZMA,◦,ICT Universal Coder 2.1 ('99),,131.53467,,,115109749,550112440,487586241,315923570,593459230,488289367,331332413,41531113,207696047,.ict,win32,1,16-Dec-1999,United States,PPM,14.53
LZMA,◦,CM0_EXT (2013) Nauful,,131.7435,26502,,110433348,558557651,500305335,324185104,617486813,507092220,343824190,41119319,189676585,.cm0ext,win32,2,4-Dec-2013,United States,Fast CM,0.56
LZMA,◦,HOOK 1.4 ('09) 912 MB Francesco Nania,,131.83259,,,110134915,552653991,502405822,311569828,594752241,495687475,340024410,41936353,209242446,.hook,win32,1,29-Apr-2009,Italy,ADMC + filter,5.16
LZMA,GUI,WinRar 2.90 Final (2001) Eugene Roshal,,131.8514,,,110224188,402585362,517258490,345841601,587893539,488155324,308708335,43915643,262946271,.rar,win32,1,1-Oct-2001,Russia,LZ77 + Huffman,12.74
LZMA,◦,BMA 1.33 -m16m -a (2006) A. Cherenkov,,131.97143,3602,,112958518,425228044,479823864,324950189,585721310,484279511,330089323,55086364,208335680,.bma,win32,1,19-Aug-2006,Russia,BWT + MTF + RLE + ARI,7.85
LZMA,◦,LZPM 0.16 mode ex (2008) Ilya Muravyov,☺,132.03048,,,94890237,564230073,501102036,324796871,590934557,490819022,378820758,39025872,228290688,.lzpm,win32,1,14-Nov-2008,Russia,LZ77 with 8 MB dictionary,5.62
LZMA,◦,COMPROX 0.11.0 ('12) -b200 -F -f Zhang Li,☺,132.1092,1838,,100747414,553606526,510792045,317612755,594851807,485958021,396290778,40117844,207174573,.comprox,win32,2,18-Dec-2012,China,LZ77 + ARI,1.52
LZMA,◦,4x4 0.2 Option 9 (2008) Bulat Ziganshin,☺,132.18261,,,92280013,542869941,501846538,338914222,582182218,489857886,369181487,39307816,244203549,0.4,win32,4,13-Apr-2008,Russia,LZMA,6.2
LZMA,◦,PPMNKM 1.00b1+ -M:50 -MT1 M. Smirnov,,132.29712,,,108202032,565908423,499625063,318266371,586462954,485444737,370821320,38854482,214663204,.ppmnkm,win32,1,10-Aug-2002,Russia,PPM,11.88
LZMA,◦,QC 0.50 (2006) e -8 Denis Kyznetsov,,132.38643,,,108656636,543280782,509650622,336645753,583354739,489757415,343944646,39507499,222572448,.qc,win32,1,17-Sep-2006,Russia,LZ + PPM,7.78
LZMA,GUI,"BioArchiver 1.9 hyper, automatic",,132.57251,,,110194789,558320196,488536455,323205052,598609391,489624805,367267801,41905788,200324625,.bio,win32,1,7-Oct-2001,United States,LZ + PPM,12.72
LZMA,GUI,B1 Free Archiver 1.4.67 (2013) smart,☺,132.61957,2729,,101371338,541028511,502790035,343730280,587069279,489132534,366782307,39783290,225788556,.b1,win32,2,11-Oct-2013,United States,LZMA,0.71
LZMA,◦,LZPM 0.11 (02.09.07) -9 Ilya Muravyov,,132.66529,,,105981478,562837930,499029440,321461252,589834526,488307108,378438292,38779655,218313307,.lzpm,win32,1,2-Sep-2007,Russia,LZ77 + PPM,6.82
LZMA,◦,TarsaLZP Interim (21.08.07) Piotr Tarsa,☺,132.83739,,,111877078,541620909,501567082,319754089,581460403,488286686,363360613,42566306,209645440,.tzr,win32,1,21-Aug-2007,Poland,order-3 LZP + order-2 PPM,6.85
LZMA,◦,Packet 1.0 -s -r -mx6 Francesco Nania,,132.85296,31157,,99077272,496401192,524928911,335141349,579155168,487690587,351050107,44197176,240966863,.packet,win32,1,4-Aug-2013,Italy,LZ77 + Huffman + filter,0.89
LZMA,◦,BALZ 1.15 Mode ex (2008) Ilya Muravyov,☺,132.98143,,,97836059,564089154,500270017,332803843,591055612,491168091,374473809,38914555,233336593,.balz,win64,1,8-Jul-2008,Russia,LZ77 (greedy parsing),5.97
LZMA,◦,ZZIP 0.36 -56m -mm -mx Damien Debin,☺,133.11868,3027,,123336683,438292318,484427499,328148602,589735432,486426165,316830908,54023607,202807804,.zz,win32,1,14-Nov-2002,France,BWT,11.62
LZMA,◦,COMPROLZ 0.10.0 -b250 -F -f  Zhang Li,☺,133.15819,3180,,103283915,553885305,535105797,322560032,588229478,490041425,390529976,40415543,207170626,.comprolz,win32,2,17-Dec-2012,China,LZ77 + ARI,1.53
LZMA,◦,PAQ 1 / KGB Archiver (2002) Matt Mahoney,☺,133.24468,,,111691347,558968216,497779801,325078597,623224719,508596589,345728180,41450794,202348850,.paq1,win32,1,22-Jan-2002,United States,Predictive arithmetic Coding,12.43
LZMA,◦,FBC 1.0 300MB blocksize David Catt,,133.29826,2080,,121472516,549068294,520721113,315675051,606380453,497258374,339035221,42970451,188782715,.fbc,win32,1,29-Feb-2012,Canada + Russia,BWT (DifSufSort Lite) + ARI,2.32
LZMA,GUI,CTXf 0.69 ('03) (Superb) -me -b L. Nikita,☺,133.34803,,,117485136,594118349,522877780,321300315,592810691,489285713,310995994,37513145,223904096,.cxf,win32,1,12-Mar-2003,Belarus,PPM-II + filter,11.29
LZMA,GUI,Stuffit 9.0 - 9.5/10 arsenic (sitx) (Allume),,133.43942,,,132483665,555103236,500965387,292111030,585659904,464478633,359126052,37202616,217629314,.sitx,win32,1,28-Mar-2005,United States,ATOM™ (arsenic),9.24
LZMA,◦,SZIP 1.12a -b41 -o50 Michael Schindler,☺,133.57105,9981,,117749972,553406495,490359935,322617848,596678998,490228358,336655210,41283298,219783245,.sz,win32,1,3-Mar-2000,Austria,BWT (ST6),14.31
LZMA,◦,TC 5.1 Dev 6 (2006) Ilya Muravyov,☺,133.60071,,,117485822,533694947,476848083,358511710,583842755,484655640,338963036,38706701,230731198,.tc,win32,1,21-Nov-2006,Russia,LZ + CM,7.6
LZMA,◦,CMM 17.09.2007 Christopher Mattern,,133.72549,,,109098390,577182253,503636404,319122704,619656890,509076696,355077076,40147922,209938100,.cmm,win32,1,17-Sep-2007,Germany,Context Mixing,6.78
LZMA,◦,RZIP 2.1 -9 -L9 (2006) Andrew Tridgell,,133.81779,,,110869723,554530289,497277050,322003694,577999596,487619593,353559564,40773343,235134104,.rz,win32,1,4-Dec-2006,United States,BWT + filter,7.56
LZMA,◦,SZIP 1.12a -b41 -o10 Michael Schindler,☺,134.03232,2617,,118265223,553408878,490378418,323627864,596725401,490228655,336738043,42120765,220140448,.sz,win32,1,3-Mar-2000,Austria,BWT (ST6),14.31
LZMA,GUI,PIM 2.01  (PPMd) (2007) Ilya Muravyov,,134.22287,,,110430818,554300084,483264629,321530074,591545645,486662941,346090379,49784479,203090900,.pim,win32,1,14-Jun-2007,Russia,PPMd + filter,7.03
LZMA,◦,UFA 0.04 β 1 -mx -mu32 -s -mg Igor Pavlov,,134.53032,,,102719665,513118775,513069462,343802663,589974074,489721065,375101598,40194727,249399841,.ufa,win32,1,1-Mar-1998,Russia,LZ77 + ARI + filter,16.32
LZMA,◦,GRZIP-II 0.2.4 -b8m -l -m4 Ilya Grebnov,☺,134.57999,,,116084065,552379360,485807422,328621553,591539735,488607350,329115175,43421921,231513058,.grz,win32,1,12-Feb-2004,Russia,LZP + BWT + AWFC + MTF + ARI,10.37
LZMA,◦,Disintegrator 0.9b  -mg -4 c ('98) T. Guglielmi,,135.07307,,,114362276,445542140,533919363,342106542,586814539,486559188,403704171,43088775,226317389,.dst,win32,1,23-May-1998,Italy,LZ77 + PPM + DHUF,16.09
LZMA,◦,ECP 0.e.s. (2000) -b127 Michael Semikov,☺,135.18173,,,121950876,561177708,498174723,326837528,588953840,486279803,342462021,42696633,217369080,.ecp,win32,1,18-Aug-2000,Russia,LZP + BWT + MTF + ARI,13.86
LZMA,◦,BruteCM 0.1c (2008) VCORE,,135.21325,,,110651611,568453994,507597894,335409915,616539883,507825102,342211788,42130986,218846099,.bcm,win32,1,29-Feb-2008,Taiwan,Context Mixing,6.32
LZMA,◦,PreComp 0.4.3 Christian Schneider,,135.56429,4787,,117288997,554026701,485444925,300983585,593540724,465869981,354012393,44537348,244389366,.pcf,win32,1,1-Sep-2012,Germany,lzw/zlib/jpeg recompressor + bzip2,1.82
LZMA,◦,PPMX 0.08 (2012) Ilya Muravyov,☺,135.56833,2460,,115083530,568891134,509693152,316240073,594994125,490815079,384428359,42842857,208583207,.ppmx,win32,1,1-Jan-2012,Russia,PPMX,2.49
LZMA,◦,M99 2.2.1 -m 128m Michael A. Maniscalco,,135.57137,,,129072891,538384498,494571779,304145889,591972098,484739970,311474285,57000521,178185035,.m99,win32,1,17-Jul-2008,United States,BWT + MSufSort3.1 + ARI,5.94
LZMA,◦,Tornado 0.5 (fsbench) -11 Bulat Ziganshin,☺,135.5736,,,100081335,524447517,527069916,333150702,578726025,489265917,430726087,41730836,230205985,.tor,win32,1,unknown,Russia,LZ + ARI,#VALUE!
LZMA,GUI,"WinIMP 1.2 max Alg. 1/2, 1020, 16mb",,135.65196,,,106320489,497307336,495905291,348857758,586746309,487311676,353434522,46968355,247354226,.imp,win32,1,13-Jun-2002,Australia,LZ77 + BWT,12.04
LZMA,◦,QUAD 1.12 Final -x (2007) Ilya Muravyov,☺,135.65665,,,105751232,550179090,497208340,343638380,585087868,484798415,375780413,41277843,244639021,.quad,win32,1,7-Apr-2007,Russia,filter + LZ + PPM (ROLZ),7.22
LZMA,◦,TinyCM 0.2 option 8 (2012) David Catt,☺,135.7363,4779,,117552921,572626534,486574278,314517710,588200518,483635881,355771296,44865372,223246172,.tinycm,win32,1,13-Oct-2012,Canada,order 1-2-3-6 context mixing,1.7
LZMA,GUI,7-ZIP 2.3 β 28 solid max (2003) Igor Pavlov,☺,135.78211,,,93620276,541634196,502878621,330433967,587404096,490515110,366121355,53677513,224464582,.7z,win32,1,15-Feb-2003,Russia,LZMA PPMD,11.36
LZMA,◦,FreeHOOK 0.2 option c 912-2-1-6 F. Nania,☺,135.96776,,,116859167,555345940,525993776,310283217,597006214,494438297,364732516,43173815,221543869,.hook,win32,1,7-Apr-2007,Italia / United States,LZP + DMC + filter,7.22
LZMA,◦,Chile 0.3d (2005) -c -v=2 -b=2048,☺,136.27015,,,121804591,554438005,494732211,328120116,591260535,485881030,344544403,42286988,235936103,.chile,win32,1,13-Nov-2005,Romania,BWT + filter,8.62
LZMA,◦,M99 2.2.1 -m 32m Michael A. Maniscalco,,136.29053,,,129072891,538330557,483483006,306652298,591788579,484766539,313902785,57000521,188852254,.m99,win32,1,17-Jul-2008,United States,BWT + MSufSort3.1 + ARI,5.94
LZMA,◦,COMPROLZ 0.1.0 -b256 (2012) Zhang Li,☺,136.39393,3149,,116283646,553885309,535147189,322006084,594798165,495920231,384531089,41063234,218838927,.comprolz,win32,2,7-Oct-2012,China,ROLZ + ARI,1.72
LZMA,GUI,WinTurtle 1.6.0 (2008) Francesco Nania,,136.44853,1266,,124993854,418843361,508385494,344526816,611175419,494243780,365008774,44959664,243161834,.tur,win32,1,1-Jan-2008,Italy,"FPPM, 512 MB buffer, solid",6.49
LZMA,◦,PPMX 0.07 (2011) Ilya Muravyov,☺,136.97813,2435,,116994050,568031507,508711593,318456169,594163111,489788534,381166142,44562877,216863053,.ppmx,win32,1,20-Feb-2011,Russia,order-5 PPM,3.35
LZMA,◦,CAB (LZX21 max) Microsoft Corporation,,136.99946,,,103658331,569143638,511361656,341841938,583442111,487054444,402468499,40793090,242351676,.cab,win32,1,1-Jan-2000,United States,LZX + Huffman + Shannon-Fano,14.49
LZMA,◦,Transform 1.02 (maximum) M. Bone,☺,137.0306,,,122777093,562200718,502823742,333646422,593605126,489332334,351560742,43248341,224368029,.tfm,win32,1,12-Nov-2002,- unknown -,Huffman + BWT + MFT + RLE,11.62
LZMA,◦,CM1 (2013) Nauful,,137.08649,3069,,117228862,542814620,512465506,334962208,589940645,490040116,359724248,43937035,234621686,.cm1,win32,2,9-Dec-2013,United States,Fast CM,0.55
LZMA,GUI,WinTurtle 1.4.0 (2007) Francesco Nania,,137.19234,,,133076772,431582542,501949621,338321819,608496736,495738549,363911429,44561793,238447455,.tur,win32,1,5-Nov-2007,Italy,"FPPM, 512 MB buffer, solid",6.64
LZMA,GUI,WinRar 5.0 non-solid best 1024MB E. Roshal,,137.21516,782,,110776323,432036909,504138793,362363462,579245477,487491543,344720135,57387103,232998397,.rar,win64,8,22-Aug-2013,Russia,LZ77 + Huffman + filter,0.84
LZMA,GUI,WinZip 17.0.10381 PPMd Corel Corp.,,137.27019,3340,,122423943,557033682,484872486,322300682,597005058,490939923,345595121,51771948,203200439,.zipx,win32,1,24-Dec-2011,United States,LZH + SF + BWT + PPMd,2.51
LZMA,◦,BIX 1.00 β7 -s -m1 -mdg ('99) Igor Pavlov,,137.53499,5917,,102426328,574786046,515819352,335793206,593804320,497512746,402142662,42419792,237356450,.bix,win32,1,27-Oct-1999,Russia,LZ + ARI + PPM,14.66
LZMA,◦,Tornado 0.4 -12 (2008) Bulat Ziganshin,☺,137.6626,,,101312258,525637868,522075646,339203277,581939211,489462947,435507523,42056335,248037330,.tor,win32,1,8-Apr-2008,Russia,LZ + ARI,6.22
LZMA,◦,LZXQ 0.3 (2007) Vcore,,137.67806,,,119946244,561340638,501587597,329380316,603767598,497973199,359619434,44674648,225006312,.lzxq,win32,1,27-Jan-2008,Taiwan,LZP + order 4-2-1 ARI,6.41
LZMA,◦,BWTZIP 1.0 ('03) Stephan T. Lavavej,☺,137.78814,,,124598594,572391654,506849776,330650185,618276216,507162281,339279238,42903597,221746547,.bwtzip,win32,1,7-Mar-2003,- unknown -,BWT + MTF-2 + ZLE + Huffman,11.3
LZMA,◦,PreComp 0.4.2 Christian Schneider,,137.81787,4706,,117309103,554026701,485721302,302037213,662499328,492103406,354012394,44552834,244389367,.pcf,win32,1,25-Sep-2011,Germany,lzw/zlib/jpeg recompressor + bzip2,2.75
LZMA,GUI,PIM 1.25 (2006) Ilya Muravyov,,137.96093,,,118211550,453906326,504717071,341296831,586161889,484815060,395849455,49643968,236538947,.pim,win32,1,25-Sep-2006,Russia,LZP + PPM,7.75
LZMA,◦,jTarsaLZP (2012) Piotr Tarsa,☺,137.9634,10920,,119138243,565184095,517385677,328201681,611353872,509016843,365060336,46447306,206667389,.tlzp,JAVA,1,7-Sep-2012,Poland,order-3 LZP + order-2 PPM,1.8
LZMA,◦,COMPROX 0.1.1  (10.2011) Zhang Li opt.9,☺,138.04948,978,,114068027,563611214,502478703,331714516,586950831,487392242,388134680,43103900,240395128,.cox,win32,2,9-Oct-2011,China,LZSS + ARI,2.71
LZMA,◦,Arhangel 1.40  -1 -2 -mt -mm/5/8 -l31900 G. Lyapko,,138.28745,,,127377151,414109592,505116350,336801333,596959683,490765045,307384341,53043903,268699942,.lg,dos16,1,18-Jan-2000,Ukraine,RLE + LZ / PPM + ARI; BMC,14.44
LZMA,◦,BWC 0.99d Willem Monsuwe,☺,138.41345,,,122937482,553850756,494894795,337207965,594590928,489288623,349134139,44115094,243749097,.bc,win32,1,9-Mar-2009,Netherlands,BWT,5.3
LZMA,GUI,ICE-OWS max (2002) Raphaël Mounier,,138.57561,,,121941378,559203026,488622047,323454834,595857165,488783379,352490321,52004680,214993717,.ice,win32,1,19-Jan-2003,France,LZ + PPM II,11.44
LZMA,◦,CROOK 0.1 -m1600 -O7 Juri Valdmann,☺,138.826,2119,,131825277,558607972,506105209,313714771,608815359,496524246,347931011,47215863,216068080,.crook,win32,1,9-Mar-2012,Estonia,bit-level PPM,2.3
LZMA,GUI,12Ghosts 7.0 - 9.7 (ZIP2),,139.12219,,,124368324,554100949,497374100,338174458,594566825,488681118,354067630,44521755,244109443,.exe,win32,1,2-Feb-2005,United States,BWT,9.4
LZMA,◦,DACT 0.8.39 (2004) Roy Keene,,139.13837,,,124593889,552939425,497291626,338484734,589852305,487908959,354494617,44566072,245413944,.dact,win32,1,29-Mar-2004,United States,RLE + LZO + ZLIB + BWT,10.24
LZMA,◦,EXP1 Experimental Archiver 1.0 B. Ziganshin,,139.15348,,,124699168,554027529,497307536,338101588,593658751,488616338,354056112,44484142,244387066,.exp,win32,1,25-Feb-1998,Russia,BZIP2 (BWT),16.34
LZMA,GUI,BZIP2 1.06 (2010) --best Julian Seward,☺,139.16412,973,362,124668515,554028837,497309031,338101826,593685733,488616264,354012758,44530651,244385524,.bz2,win32,1,17-Mar-2008,- unknown -,"BWT, 900kb blocks",6.28
LZMA,◦,PBZIP2 1.1.7 -p8 -9 J.Seward & J.Gilchrist,☺,139.21662,268,117,124877894,553971146,497293620,337931444,593810122,488639302,353920282,44588080,244485873,.bz2,win32,8,11-Dec-2011,United States,"Parallel BWT, 900kb blocks",2.54
LZMA,◦,LBZIP2 0.23 -9 (2011) Laszlo Ersek,☺,139.21797,245,172,124885916,553948496,497286572,337934874,593766509,488631277,353929880,44593389,244481290,.bz2,win32,8,3-Mar-2010,Hungary,"Parallel BWT, 900kb blocks",4.31
LZMA,◦,XTREME 1.06 -m0 -s -t8 ('99) B. Sabin,,139.31002,,,111208219,558365746,522075646,336321699,582949945,487777428,402441466,41973963,255260518,.xtreme,win32,1,26-Apr-1999,- unknown -,LZ77 + Huffman,15.17
LZMA,◦,CSC3 CountrySideCompressor -9 Fu Siyuan,,139.43528,,,101416893,565068388,507678278,345657866,586334524,488417712,405192167,42347894,270417982,.csc3,win32,1,11-Aug-2009,China,LZ77 + ARI + filters,4.88
LZMA,◦,iROLZ (2010) Andrew Polar,☺,139.5692,1610,,106398059,564181812,501013479,349841470,592363258,491381520,380220211,44141947,264149135,.irolz,win32,1,4-Nov-2010,unknown,ROLZ,3.64
LZMA,◦,LZSR 0.01 (2011) Francesco Nania,,139.57927,930,,111646859,554783009,494831432,347265362,586234137,488704485,373361345,43118589,271993931,.lzsr,win32,1,1-Oct-2011,Italia,LZP-LZ77 + SR,2.74
LZMA,◦,COMPROX 0.2.0 (2011) Zhang Li opt.9,☺,139.7234,1014,,114313454,579545738,512895544,339473946,627327795,519108703,369473789,43061571,235687368,.comprox,win32,2,16-Oct-2011,China,LZSS + ARI,2.69
CM,◦,Urban Compressor ('91) U. Koistinen,☺,139.91079,,,130268297,547030119,487528536,329906597,593307632,484069428,345297100,48101506,242196332,.urb,dos16,1,30-Apr-1991,Sweden,(?),23.16
LZMA,◦,TarsaLZP (04.08.2007) Piotr Tarsa,☺,140.29274,,,119652270,585613851,528945788,334446800,638666005,530428771,365375109,45421692,210125221,.tzr,win32,1,4-Aug-2007,Poland,order-3 LZP + order-2 PPM,6.89
LZMA,GUI,WinHKI 1.3 - 1.79 hki1 (04-06) H.P. Imp,,141.08349,,,133687676,554118890,497781185,340866714,593663678,488653347,354881146,44921862,246317161,.hki,win32,1,17-Oct-2005,Germany,HKI,8.69
LZMA,◦,ASD 0.2.0 -m5 -mdh (1998) T. Svensson,,141.23732,,,111560747,572008149,524059578,337951280,582770212,487746292,424366200,42629277,257386209,.asd,win32,1,12-Nov-1998,Sweden,LZ77,15.62
LZMA,◦,LZAP 0.20.0 beta (1998) Mike Goldman,☺,141.36451,,,129146242,554252461,487805169,330832519,590607127,484425757,354450063,49494548,249180676,.lza,dos16,1,25-May-1998,- unknown -,Dynamic Markov Comp.,16.09
LZMA,GUI,Stuffit 7.0-7.5 (2002) Aladdin Systems,,141.57578,,,130672637,557355933,501069368,342552699,597445694,491240975,356262847,45652966,249737668,.sit,win32,1,25-Mar-2002,United States,LZ,12.25
LZMA,GUI,RAR 2.00 (1996) -m5 -md1024 -mm -s,,142.13492,,,123846884,411512894,518224376,379081389,592456838,488623941,311642188,51969434,306134053,.rar,dos16,1,24-May-1996,Russia,LZ77 + Huffman,18.09
LZMA,GUI,RAR 2.50 (1996) -m5 -md1024 -mm -s,,142.13663,,,123846884,411512894,518224586,379067633,592454379,488624239,311642188,51975848,306134053,.rar,dos16,1,24-May-1996,Russia,LZ77 + Huffman,18.09
LZMA,◦,FPAQ S06 (2006),☺,142.17783,,,120143848,549045312,522779225,352548930,595333628,497901902,366717383,47588867,254714562,.fpaq,win32,1,30-Oct-2006,Italy,LZP + PPM + OX,7.66
LZMA,◦,XP v5 c2 (2010) ppmcontext,,142.36241,16037,,125183228,565585134,501529064,347573890,593830572,488045433,392180595,44723095,252179016,.xp,win32,1,30-Nov-2010,- unknown -,ROLZ,3.57
LZMA,◦,LZPXJ 1.0e (2006) Ilya Muravyov,☺,142.56996,,,117407689,561407507,501340307,357220687,583061343,485907980,389356487,44425656,275454598,.lzpxj,win32,1,16-Jan-2006,Russia,LZ + ARI,8.44
LZMA,◦,BGB-LZ2A Brendan G. Bohannon,☺,143.08066,,,118391903,587978055,517290664,339000669,600546394,496868856,415401524,43696731,253438399,.lz2a,win32,1,1-Jun-2005,- unknown -,LZ77 + ARI,9.07
LZMA,GUI,Compress 1.22 (max) Philipp Druyts,,143.10485,,,124668530,553933155,496902041,338101671,593259574,488616423,353509986,55524899,244341547,.pak,win32,1,22-Mar-1998,Belgium,BWT,16.26
LZMA,◦,Archiver 0.2 CM2 (2014) Nauful,,143.14585,,,117395622,586439972,519851911,336169272,602562869,491848379,368058188,53793381,236441474,.parc,win32,2,7-Jan-2014,United States,Fast CM,0.47
LZMA,◦,P12 Neural Network Matt Mahoney,☺,143.31646,,,130968096,551120705,495796654,348975104,614465598,500612752,349022585,52523642,235718663,.p12,win32,1,13-May-2000,United States,Neural Network,14.12
LZMA,◦,SR3 (2007) M. Mahoney & F. Nania,☺,143.3299,,,127354058,563285040,503591684,335791159,587865519,485890400,391552435,48644444,251087995,.sr3,win32,1,27-Oct-2007,U.S.A. / Italy,Symbol Ranking + filters,6.66
LZMA,GUI,PAR 2.00 build 61 (2001) Philipp Druyts,,144.73279,,,132287538,553933463,496902785,340087849,593250754,488553083,353496309,56374428,244342021,.par,win32,1,28-Jan-2001,Belgium,BWT + Huffman,13.41
LZMA,◦,TarsaLZP (2007) Piotr Tarsa,☺,145.16629,,,129368574,557653925,513712905,364007516,638666005,496693761,368901521,56520435,210125221,.tzr,win32,1,6-May-2007,Poland,order-3 LZP + order-2 PPM,7.14
LZMA,GUI,WinZip 17.0.10381 bzip2 Corel Corp.,,145.45435,921,,133681069,553936207,496905314,340402679,593253551,488560067,353509327,57700074,244341849,.zipx,win32,1,24-Dec-2011,United States,LZ + Huffman + SF + BWT,2.51
LZMA,◦,LZPX 1.5b (2005) Ilya Muravyov,☺,146.00212,,,121724441,580882611,514216038,362877902,606266486,502969317,392064549,45641300,276124207,.lzpx,win32,1,16-Nov-2005,Russia,LZ + ARI + PPM,8.61
LZMA,◦,Tornado 0.3 default (2008) Bulat Ziganshin,☺,146.71041,,,109625008,526797146,529540160,368273238,587074180,489916795,441775430,47566239,300115499,.tor,win32,1,2-Apr-2008,Russia,LZ + ARI,6.23
LZMA,◦,SR2 v2 (2008) Piotr Tarsa,☺,146.98353,,,132986742,563062912,503544407,349567461,591840817,486132392,389931824,50752127,269646169,.sr2v2,win32,1,1-Jan-2008,Poland,Symbol Ranking,6.49
LZMA,◦,FCM3-RC (2008) Ilya Muravyov,,147.13313,,,123205230,564307315,499786180,361191488,592539694,490983136,371594131,52384907,287835697,.fcm,win32,1,18-Jun-2008,Russia,Fast CM,6.02
LZMA,◦,BZP 0.3 (2008) Francesco Nania,,147.36647,,,128641104,561118105,499721298,353851100,593412205,487195849,390370758,50356677,284875451,.bzp,win32,1,28-Sep-2008,Italia,LZ + ARI,5.74
LZMA,◦,SLUG X (2009) Christian Martelock,,147.38406,,,121119522,579242558,528982786,364315442,585896363,489921518,404632368,46880770,288321827,.sx,win32,1,13-Jan-2009,Germany,RHSO-LZ,5.45
LZMA,◦,RH4 (2014) Nauful,,147.47121,678,,126080999,573814138,531363220,357558039,589054933,488494018,440352548,45169753,271680632,.rh4,win64,1,18-Feb-2014,United States,ROLZ + Huffman,0.36
LZH,GUI,WinAce 1.2 (1999) max 1024k M. Lemke,,147.75164,,,114984931,573584209,530284960,363810029,588684739,488608806,435273450,46774447,291792623,.ace,win32,1,22-Dec-1999,Germany,LZ77 + Huffman,14.51
LZH,GUI,X1 0.95 β (aum4l3d9) Stig Valentini,,147.76682,,,135296235,582648318,503706006,350127372,609160738,492148775,354961760,55851851,253911382,.x,win32,1,3-May-1997,Danmark,LZ77 + BW5 + PPMZ,17.15
LZH,GUI,ACE-ARCHIVER 1.2 (maximum) M. Lemke,,148.09763,,,113267053,573588289,530282802,363814953,588684449,488608422,435272370,48497803,291794075,.ace,dos16,1,1-Jul-1998,Germany,LZ77,15.99
LZH,◦,4x4 0.2 Option 5 (2008) Bulat Ziganshin,☺,148.41447,,,113365154,552114298,529652896,370464774,587875931,490009961,439654316,47893821,301908844,0.4,win32,4,13-Apr-2008,Russia,LZMA,6.2
LZH,GUI,UC II r3 Pro ('95) stst Nico De Vries,☺,149.0005,,,129910596,514253250,519639028,379350358,593149296,489318744,356461434,52740720,310403084,.uc2,dos16,1,1-Jun-1995,Netherlands,LZ77 + Huffman + filter,19.07
LZH,◦,HA 0.999b (1995) a21r Harri Hirvola,☺,149.69173,18863,,132361955,569599932,511972375,341904923,596833844,490312383,398305266,55378737,275873372,.ha,win32,1,12-Jan-1995,Finland,LZ77 + Huffman / PPMC order-4,19.46
LZH,◦,SEMONE 0.6b2 -mb/mm3 Vladimir Semenyuk,,149.8442,,,126987113,572837639,530765416,379523449,591417913,487494148,345286247,52555563,307212064,.one,dos16,1,30-Jul-1999,Russia,LZ + Huffman + filter,14.91
LZH,◦,LGHA 1.1g /c30000 /l16383 George Lyapko,,150.30246,,,134090584,570351649,534251008,342905475,596889737,490886780,402267633,53043904,280915604,.ha,dos16,1,20-Apr-1999,Ukraine,LZ77 + Huffman / PPMC order-4,15.18
LZH,◦,ZLING (2013) Zhang Li,☺,150.59401,791,,128134732,579775902,539825963,365205490,603650858,498817179,452438588,45991052,280824880,.zling,win64,1,29-Dec-2013,China,order-1 ROLZ,0.49
LZH,◦,JAR32 1.02 -m4 (1997) Robert Jung,,151.01,,,125077776,571804640,533774823,365560640,588188604,489781176,454795439,51498310,277858193,.jar,win32,1,11-Aug-1997,United States,LZ,16.88
LZH,◦,BRED 3.0 -M16 -m729 ('97) David Wheeler,☺,151.12003,,,184719119,568154153,565514093,420438761,590141390,509723756,341268733,41767324,213572518,.bred,win32,1,16-May-1997,United States,RLE + BWT + MTF + HUF,17.11
LZH,◦,THOR 0.96α e4 (2007) Oscar Garcia,,151.64462,,,122032252,572867052,530855292,382712892,586241020,488600384,448934400,46870900,310814804,.thor,win32,1,23-Aug-2007,Spain,slow LZP,6.84
LZH,◦,Symbra 0.2 -c6 -m5 -p2 F. Schwellinger,☺,152.25993,18211,,125226684,592687961,542178672,364442031,589369343,493608318,458378688,48557820,293773926,.symbra,win32,1,4-Dec-2007,Germany,Symbol Ranking,6.56
LZH,GUI,DCA Archiver 1.0.1 (best) (2000),,152.92092,,,124664755,569383818,528151681,378246404,591305957,486929447,441529280,52104095,304817372,.dca,win32,1,28-Aug-2000,Russia,LZ77,13.83
LZH,◦,LAZY 1.0 option 5 (2012) Matt Mahoney,☺,153.39177,990,,124576501,599297584,549182671,371911997,582357437,488786885,467498307,47829036,303134539,.lazy,win32,1,10-Oct-2012,United States,LZ77,1.71
LZH,◦,YAC 1.02 (1995) Aleksandras Surna,,153.39516,,,126037228,544315793,531799352,394674714,592367033,488980573,451536806,47917297,322436582,.yac,dos16,1,1-Sep-1995,Lithuania,1024 kb LZ + Huffman,18.82
LZH,◦,SLUG 1.27 (2008) Christian Martelock,,153.85463,,,129118947,576231616,529736997,377549924,594090706,490825485,459546746,49004918,307324028,.slug,win32,1,7-May-2008,Germany,RHSO-LZ,6.14
LZH,◦,RangeCoderC 1.8 c2 28 David Catt,☺,154.67601,4072,,150595241,589439845,515649453,348535101,603070573,492959669,377805449,59089449,280170313,.range,win64,1,13-Dec-2011,Canada,context mixing,2.54
LZH,◦,Etincelle RC2 (2010) Yann Collet,,154.82937,,,131502022,578317805,534158509,368927074,588145482,487951181,450558018,51264391,314459996,.etincelle,win32,1,22-Apr-2010,France,ROLZ + Huffman,4.18
LZH,◦,KZIP /s0 /b1024 /rn ('06) Ken Silverman,,155.09995,,,132799561,572240377,528590987,379614714,591526180,487658896,439676186,53221795,309456079,.zip,win32,1,11-Oct-2006,United States,LZ + Huffman,7.71
LZH,GUI,"Deflate 64, word size=257 ultra (7z 9.20)",☺,155.12376,1759,312,132001289,569541795,526447451,372198787,590804948,487766927,429356027,59052142,295140549,.zip,win64,8,24-Oct-2007,United States,LZ + Huffman + SF + BWT,6.67
LZH,◦,LHARK 0.4d -tob (1997) Kerwin F. Medina,,155.53511,,,130274779,571777004,533304691,381302596,592949451,489191732,451733892,52894607,312359898,.lzh,dos16,1,27-Jan-1997,-unknown -,>64kb LZSS + 32 kb Huffman,17.41
LZH,◦,AKT32 70 β 7 (2000) Agyhalál,,155.82101,,,132402103,570736865,540336003,395545157,606556827,492153779,372489875,55429853,328978899,.akt,win32,1,8-Jan-2000,Hungary,LZ + filters,14.47
LZH,◦,THOR 0.96α e5 (2007) Oscar Garcia,,155.8465,378,,130410172,573707768,531625004,383539272,594807932,490609868,445656548,53470440,314314436,.thor,win32,1,23-Aug-2007,Spain,LZ77,6.84
LZH,GUI,ALZIP 8.5 .EGG optimized ESTSOFT,,155.9171,605,,146374158,571482712,534592994,352644412,592017480,489970179,456583402,60686389,257318245,.egg,win32,1,7-Oct-2010,Korea,ZLIB,3.72
LZH,◦,RDMC 0.06b (2001) Jaime Tejedor Gómez,☺,155.97555,,,139934909,615267423,579881609,361537993,612353606,505371128,398732637,53963377,287274234,.rdm,dos16,1,9-Apr-2001,- unknown -,Reiterative DMC,13.21
LZH,◦,ZHUFF 0.9c (2011) Yann Collet,,156.01434,129,,135206431,572586498,529204055,378973030,592626804,488461447,446234714,53575579,310462784,.zhuff,win32,8,,France,LZSS (LZ4) + Huffman,114.49
LZH,◦,ZHUFF 0.8 (2011) Yann Collet,,156.26935,85,,135038527,577990939,530857663,379106650,592643328,488510967,448643543,53499232,310273811,.zhuff,win32,8,28-Nov-2011,France,LZSS (LZ4) + Huffman,2.58
LZH,◦,CRUSH 1.0 cx (2013) Ilya Muravyov,☺,156.42115,7997,,124770892,654297503,578654423,379950045,653516292,544145651,462227189,46619126,274294190,.crush,win32,1,1-Jul-2013,Russia,LZ77,0.99
LZH,GUI,"Deflate, word size=64, max (7z 9.25)",,156.70601,,,134962165,570013535,529655066,380440699,590811778,488247614,438803257,59659758,295590011,.zip,win64,8,24-Oct-2007,United States,LZ + Huffman + SF + BWT,6.67
LZH,◦,Tornado 0.1 -12 -b100 Bulat Ziganshin,☺,156.75714,,,130006531,584810626,523804497,402704755,588579801,490630093,456991600,47307974,340024951,.tor,win32,1,16-Apr-2007,Russia,LZRW1 + ARI,7.19
LZH,GUI,RAR 1.55 (1995) max Eugene Roshal,,157.03969,,,128549872,579535798,532862775,385353967,591561807,489162147,477180230,53769745,312661434,.rar,dos16,1,4-Nov-1995,Russia,LZ77 + Huffman,18.64
LZH,◦,GZIP 1.3.12 -9 ('07) Jean-Loup Gailly,☺,157.17719,372,54,134298028,571864393,533079977,387558733,591772244,488128103,454798979,55162675,310090294,.gz,win32,1,15-Oct-2007,France,LZ77 + SF + Huffman,6.7
LZH,◦,SKY 1.15 -m4 (1997) Jean-Michel Herve,,157.31465,,,132442344,575588176,533710071,385054868,591628398,488624070,455451053,54183882,319852021,.sky,dos16,1,9-Jul-1997,France,- unknown -,16.96
LZH,GUI,AMG 2.2 max ('93) Milen Georgiev,☺,157.35216,,,132442344,575587061,533684449,386155781,591637934,488620590,455389159,54169917,319850718,.amg,dos16,1,1-Nov-1993,BulgARIa,LZ VARIant,20.65
LZH,◦,QUARK 1.0 β (1993) Robert Kunz,,157.47973,,,132237361,573231300,532105412,389704571,591581747,488389399,450514241,54477772,322923702,.ark,dos16,1,1-May-1993,Russia,- unknown -,21.15
LZH,◦,LIMIT 1.2 -mx (1993) J.Y. Lim,,157.50264,,,133150238,571131082,534321267,386931812,592713348,489210409,452684500,54547013,320783214,.lim,dos16,1,2-May-1994,United States,32k LZ77 + Huffman,20.15
LZH,◦,ZLITE (2013) Zhang Li,☺,157.51533,505,,138693661,584920839,547921053,389980475,603526610,499802272,472061645,50504614,298598696,.zlite,win64,1,20-Aug-2013,China,ROLZ,0.85
LZH,◦,ZET 0.10 β -eh  ('94) Oleg V. Zaimkin,,157.59834,,,132218880,571861611,532998518,386388042,609149792,488182368,454773941,54519654,318864650,.zet,dos16,1,9-Mar-1994,- unknown -,LZ,20.3
LZH,◦,HIT 2.10 a -x (1994) Bogdan Ureche,,157.61894,,,132872076,570364613,532713478,387192577,596935770,488009979,453127853,54615984,322213775,.hit,dos16,1,17-Mar-1994,Romania,LZ,20.28
LZH,◦,packARC 0.7rc11 (2013) Matthias Stirner,,157.93938,7929,,160180929,574315788,521619107,336793411,603454547,452132085,286326540,67440386,338526252,.pja,win32,1,7-Dec-2013,Germany,packJPG + packMP3 packPNM + packARI,0.55
LZH,◦,packARC 0.7rc9 (2012) Matthias Stirner,,158.06284,7188,,160176687,574315788,521619107,336765791,603454547,452132085,286326540,67785842,338526252,.pja,win32,1,24-Sep-2012,Germany,packJPG + packMP3 packPNM + packARI,1.76
LZH,◦,PIGZ 2.1.6 -9 ('10) J.L. Gailly & M. Adler,,158.167,130,51,134232108,571427898,534004654,387820923,591758006,488490199,455557843,55027876,323386834,.gz,win32,8,17-Jan-2010,France & USA,LZ77 + SF + Huffman,4.44
LZH,◦,MINIZ 1.14 -m10 (2012) Rich Geldreich,☺,158.24043,451,,134836370,572002583,532811909,387709033,591765755,488121798,453803564,55274997,323168805,.miniz,win64,1,20-May-2012,United States,LZ77,2.1
LZH,◦,Huffman Comp. Engine II 0.21q -lh8- Joe Jared,,158.26442,1748,,135580283,573656380,529148708,381295064,592192162,488140980,444517717,59423230,310840324,.lzh,win32,1,3-Apr-1999,- unknown -,64kb LZSS + 32 kb Huffman,15.23
LZH,◦,AIN 2.32 -m1 (1996) Transas MARIne Ltd.,,158.37038,,,134359757,574442972,534311720,388810200,593713023,489596059,453539700,55071335,323847532,.ain,dos16,1,18-Nov-1996,Russia,LZ,17.61
LZH,◦,SQZ (Squeeze It) 1.08.3 ('93) J. Hammarberg,,158.51768,,,134707393,572554135,532130174,389625412,593172292,489077382,450153726,55530641,326167315,.sqz,dos16,1,24-Jan-1993,Sweden,LZ + Huffman,21.42
LZH,GUI,DZIP 2.9 (2003) S. Schwoon & N. Pflug,,158.61897,,,134688487,571435820,533984202,388707398,591778840,488469311,455858586,55524841,325379419,.dz,win32,1,7-May-2003,Germany,ZLIB,11.14
LZH,◦,BSA 2.0 -a .bsn  (1995) PTS Ltd.,,159.0386,,,135015772,571765416,534556464,389848137,593082411,489076112,457767478,55648776,327055639,.bsn,dos16,1,9-Dec-1995,Russia,arithmetic Coding,18.55
LZH,GUI,LZH (LHMelt 1.39-1.65c 32kb -jmA) (2012),,159.2369,,,139521304,573075186,530104300,381657973,593011791,488740679,444419172,60277915,310467892,.lzh,win32,1,25-Dec-2004,Japan,LZ + Huffman,9.5
LZH,◦,CODEC 3.10 -C9 Telvox Italia,☺,159.5918,,,133374487,606693487,535149075,388251939,609160814,490486557,456278902,54723495,323633222,.lib,dos16,1,21-Sep-1993,Italy,LZ vARIant,20.76
LZH,GUI,WinZip 17.0.10381 enh. deflate Corel Corp.,,159.86477,255,,137626506,571870646,533078498,387116812,591371951,488019468,449905509,61603814,310697814,.zip,win32,1,24-Dec-2011,United States,LZ + Huffman + SF + BWT,2.51
LZH,GUI,vuZIP 1.8 Build 3.185 (maximum),,160.27395,,,136595571,571408194,533918204,388506095,591744013,488454861,455514505,59735051,323283760,.ziv,win32,1,30-Dec-2003,Russia,LZ vARIant,10.49
LZH,◦,Hamarsoft HAP 4.02m (1996) H. Feldman,,160.45065,,,143552934,606693376,567693321,373070047,609160704,492148736,452686200,56411847,303792807,.hap,dos16,1,30-Jun-1996,Netherlands,arithmetic Coding,17.99
LZH,◦,Hamarsoft HAP 3.00 (1992) H. Feldman,,160.45065,,,143552934,606693376,567693321,373070047,609160704,492148736,452686200,56411847,303792807,.hap,dos16,1,15-Nov-1992,Netherlands,arithmetic Coding,21.61
LZH,GUI,BestCrypt Archiver 1.03 - 1.08.3 ('05),,160.74558,,,137053280,575346128,505354328,390847864,595501256,491679632,459313632,60288824,328097152,.bca,win32,1,22-Feb-2005,Finland,- unknown -,9.34
LZH,◦,DOBOZ 0.1 (2011) Attila T. Áfra,☺,160.79947,1756,,131074014,606693385,577854473,408889075,609161737,492148745,506609996,50208430,312135097,.doboz,win64,1,19-Mar-2011,Romania,- unknown -,3.27
LZH,GUI,PeaZip 3.3-4.7.2 .PEA better Giorgio Tani,☺,160.92543,1134,,137677037,571417347,533938954,388998319,591718258,488407996,455777802,60741264,324358544,.pea,win32,1,14-Sep-2010,Italy,Deflate,3.78
LZH,◦,ARJZ 0.15 -mp9 -md26624 -mf16382,☺,161.67397,,,138191843,572091331,534022871,392501125,592998719,488808013,456243113,60946631,329231242,.arj,win32,1,7-Apr-1995,Russia,LZSS + Huffman,19.22
LZH,GUI,WinZip 17.0.10381 legacy Corel Corp.,,161.6742,232,,139384034,571859445,533078498,391776056,591671228,488141632,454867278,62129895,323077882,.zip,win32,1,24-Dec-2011,United States,LZ,2.51
LZH,◦,HPACK 0.79 -U (1993) P.C. Gutmann,☺,161.78947,,,144273129,614748338,559321403,388333151,614628727,505573853,460907811,56243939,301062372,.hpk,dos16,1,1-Sep-1993,New Zealand,LZA,20.82
LZH,◦,ARJ 2.8 - 3.20  -m1 -r Robert K. Jung,☺,161.86463,,,138444442,573118960,532537175,392754718,593172508,488997944,455957138,61371609,329123783,.arj,win32,1,26-Sep-2005,United States,LZSS + Huffman,8.75
LZH,GUI,RAX 1.02 -max (1998) GeCAD,,162.16927,,,139691772,574624469,536809075,390991585,592620300,488729980,461860618,61467173,325853170,.rax,dos16,1,8-May-1998,Romania,LZ77 + Huffman,16.13
LZH,GUI,SafeMelt32 2.74-3.10 (2002) Team Schaft,,163.18265,,,141049951,580232931,537532952,397704207,594078412,488116070,460316026,58030274,347463317,.exe,win32,1,30-Mar-2002,Japan,LZ,12.24
LZH,◦,ULZ 0.2 c6 (best) (2010) Ilya Muravyov,,163.23789,,,146235037,603563962,556749135,390375738,593463109,491652347,496764514,52423547,330190245,.ulz,win32,1,3-Feb-2010,Russia,LZ77,4.4
LZH,◦,FPAQ 3 (2006),☺,163.26159,,,148235430,685634950,576581183,378931996,711664602,580629614,384768214,55628460,272777080,.fpaq,win32,1,21-Nov-2006,Italy,LZP + PPM + OX,7.6
LZH,◦,FCM2P3 (2008) Ilya Muravyov,,163.29479,,,147758757,526494408,488069390,398333387,601186782,491375033,346142035,73237530,360907868,.fcm,win32,1,1-Jun-2008,Russia,Fast CM,6.07
LZH,GUI,Chaos Compressor 3.0 (2004) SafeSoft,,163.84111,,,144816426,571638182,538660036,394229250,593045668,489325203,480335560,57622209,343978709,.ccr,win32,1,1-Jul-2004,United States,LZ,9.99
LZH,GUI,WWPACK 3.05 β4 Wierzbicki & Warezak,,164.3853,,,139030874,606693376,577854491,415305156,609160704,492148736,460754751,57830591,328074111,.wwp,dos16,1,18-Jun-2002,Poland,LZ,12.02
LZH,◦,FPAQ 3d option c 6 (2006),☺,164.61996,,,148184944,685291599,634923928,389260049,756489385,633300733,379679795,55644938,237885459,.fpaq3,win32,1,28-Dec-2006,Italy,Order 28 PPM,7.49
CM,◦,AR 0.02 (1990) Haruhiko Okumura,☺,164.88111,,,141175944,571833729,535284844,406530100,593935569,489212932,465103693,60190459,355925340,.ar,dos16,1,14-Aug-1990,- unknown -,LZ77 + Huffman,23.87
LZH,◦,SAR 1.0 (1993) Streamline Design,,164.90727,,,141175944,571833729,535284844,406530100,593934937,489212932,465102891,60263688,355920482,.sar,dos16,1,6-Mar-1993,United States,Huffman,21.31
LZH,◦,CAR 1.50 (1996) Chris Campbell,,164.93073,,,141316303,571833729,535284844,406607520,593751699,489212932,465135014,60263688,355922860,.car,dos16,1,1-Jan-1996,United States,LZSS + Huffman,18.49
LZH,GUI,LZA 1.01 max (1999) Chiefs LZ Archiver,,165.03258,,,150358411,582780563,544029935,398308760,607533112,499407432,461389784,59058861,334946239,.lzz,win32,1,20-Jan-1999,Africa,LZSS + Huffman,15.43
LZH,◦,"LHA 2.55 - 2.67 (1992) lh5, 16kb Huffman",,165.08134,,,141175944,573524810,529579517,406037900,593728247,489212932,464548511,61347921,354795750,.lzh,dos16,1,15-Nov-1992,Japan,64 kb LZSS + 16 kb Huffman,21.61
LZH,◦,"CrossePAC 1.35 (1994) Digital Strategies, Inc.",,165.81468,,,141176247,571834032,535285147,406608729,593710796,488994035,465094090,62785292,355923253,.pac,dos16,1,10-Oct-1994,United States,LZ77,19.71
LZH,GUI,Deep Freezer 1.06 (1999) Yamazaki,,165.89217,,,135623701,588353137,556981232,540018812,591835044,489444776,508817311,51177473,312373597,.yz1,win32,1,25-Nov-1999,Japan,LZH,14.59
LZH,◦,LZP 3.0 (1995-1997) Charles Bloom,,168.04284,,,140228194,566523088,511939426,709240453,593365180,488342365,409062096,52762560,309564382,.lzp,win32,1,15-Aug-1997,United States,LZP,16.86
LZH,◦,M01 (2008) Christopher Mattern,☺,168.20376,,,151223772,523739228,490775167,413024029,595440304,487096394,353864455,78503478,384504724,.m01,win32,1,29-May-2008,Germany,order-1 Context Mixing,6.08
LZH,GUI,BlakHole (2004) (WinHKI),,168.21485,,,138604952,571408438,533918721,393187823,594009823,488500774,543332087,63297836,355358506,.bh,win32,1,4-Jun-2002,- unknown -,- unknown -,12.06
LZH,◦,ARQ Crusher! 3.2 DC Micro Development,,168.64409,,,145029016,571722929,535944370,416552857,594359538,489331750,469264594,63034639,375918055,.arq,dos16,1,17-Apr-1997,United States,LZ variant,17.19
LZH,GUI,LZMAT 0.51 Vitaly Evseenko,☺,169.31457,205,,142313725,599893422,565797333,419179550,592168980,497103228,525440952,57713283,359511935,.lzmat,win32,2,5-Aug-2008,Russia,LZ variant,5.89
LZH,◦,LZOP 1.02RC1w (2005) -9 Oberhumer,☺,170.40028,,,145677124,598508852,557077882,418627931,593176844,489560240,511948858,61412767,362341685,.lzo,win32,1,25-Jul-2005,Germany,LZOP,8.92
LZH,◦,ZHUFF 0.5 (2011) Yann Collet,,171.20335,33,,148714097,578381110,534120822,427680353,593327688,488208935,466820524,64251834,389880629,.ZHUFF,win32,1,10-Jan-2011,France,LZSS (LZ4) + Huffman0,3.46
LZH,◦,ULZ 0.2 (2010) c3 (normal) Ilya Muravyov,,171.50394,,,151856085,603944758,558310847,423167754,593703905,491908835,507996662,58973568,371542080,.ulz,win32,1,3-Feb-2010,Russia,LZ77,4.4
LZH,GUI,CAN Manager ('02) DarkFire Productions,,171.53957,,,134282034,571408711,533919289,709240453,591745271,488458850,455515770,55027600,323284354,.can,win32,1,1-Oct-2002,- unknown -,LZ ZLIB,11.74
LZH,◦,Hyper 2.6 -a (1992) Peter Sawatzki,,171.54699,,,146286570,606693404,577854491,420478460,609160731,492148768,491886634,61510034,370063769,.hyp,dos16,1,18-May-1992,Germany,LZW,22.11
LZH,◦,NOAH's ARChiver 1.1 ('90) Richard Levey,,172.07208,,,151723252,571234910,533324758,425164028,593802482,487943517,472202316,65900083,388625579,.noa,dos16,1,20-Feb-1990,United States,LZ + ARI,24.35
CM,◦,LZARI (1989) Haruhiko Okumura,☺,172.07208,,,151723252,571234910,533324758,425164028,593802482,487943517,472202316,65900083,388625579,.lza,dos16,1,7-Apr-1989,Japan,LZ + ARI,25.22
LZH,GUI,KTY Archiver 1.3 (2002) HyperBeat,☺,172.25682,,,151801230,571517925,533588753,425375158,598442109,488185566,472434598,65936774,388817927,.kty,win32,1,4-Nov-2002,Russia,LZ variant,11.64
LZH,GUI,Scifer beta -Text (2008) Senthil Kumar R.,,172.50331,,,151723397,571204721,533310113,425164172,593789237,489335032,472141549,67006775,388622254,.sen,win32,1,20-Sep-2008,India,- unknown -,5.77
LZH,◦,LZ4 1.4 option -9 (2013) Yann Collet,☺,172.53118,108,,153267782,600018025,557804922,417061736,594114184,489331362,513784469,62423499,368193126,.lz4,win32,8,17-Sep-2013,France,LZ77,0.78
LZH,◦,LZ4 1.3 -c2 (2012) Yann Collet,☺,172.54456,196,,153267202,600021696,557864532,417184725,594178629,489537460,513801125,62423207,368188442,.lz4,win32,8,16-Mar-2012,France,LZ77,2.28
LZH,◦,ELI 5750 (1997) -a -C Jule Revsin,,172.58106,,,151981185,573058365,535175594,426890804,593948040,488560940,474043050,66082080,390352206,.eli,dos16,1,25-Nov-1997,- unknown -,- unknown -,16.59
LZH,◦,LZHUF (1989) Haruhiko Okumura,☺,172.58115,,,151988699,573051801,535170065,426844087,593940220,488556066,474041220,66092097,390324005,.lzh,dos16,1,7-Apr-1989,Japan,LZ + Huffman,25.22
LZH,GUI,Freeze 1.0 A. Reeve / ICE 1.0.2 M. Lamanuzzi,,172.58116,,,151988699,573051801,535170065,426844087,593940220,488556066,474041220,66092124,390324005,.ice,dos16,1,10-May-1992,United States,- unknown -,22.13
LZH,GUI,SBX 1.4 (1999) SpinnerBaker Software,,172.61413,,,151988724,573051821,535170084,426844112,593942360,488556090,474041282,66182827,390324181,.sb,win32,1,3-Mar-1999,United States,LZ77 (?),15.31
LZH,◦,ABComp 2.06 (2000) Avinesh Bangar,,172.61415,,,151988751,573051849,535170113,426844139,593942389,488556118,474041308,66182850,390324207,.abp,dos16,1,23-Jan-2000,Canada,- unknown -,14.43
LZH,◦,LZSS 0.01 Mode ex (2008) Ilya Muravyov,,173.06651,,,151778634,659991863,595582337,411579302,661650020,544935432,505211412,58081318,330288191,.lzss,win32,1,31-Jul-2008,Russia,LZSS Storer&Szymanski parsing,5.91
LZH,◦,MTARI 0.2 (2013) David Werecat,☺,173.4459,154,,166272001,584421068,518268582,397874678,608651166,498902432,421572078,72911271,376144737,.mtari,win64,8,12-Dec-2013,Canada,Fast CM,0.54
LZH,GUI,Jabosoft Archiver 1.0 (2004) Jabosoft,,174.37207,,,157914044,594422484,551724028,427225052,592416284,491022344,489146168,69552236,360661644,.jzip,win32,1,22-May-2004,United States,LZ,10.09
LZH,◦,HSTEST option -F (1990) Tom Ehlert,☺,174.50751,,,149012826,597403704,558983196,426550106,594745868,490726086,512545082,65125438,386370602,.hs,dos16,1,2-Nov-1990,Germany,Huffman (?),23.65
LZH,◦,LZ4HC 0.9 (2010) Yann Collet,☺,175.80957,,,157457532,602172336,559043798,427039210,595427627,490100815,517148030,64159907,385151701,.lz4,win32,1,13-Dec-2010,France,LZ77,3.54
LZH,◦,packLZH 0.5 (2014) Matthias Stirner,,176.87442,2832,,157507918,577149214,540393875,440770959,594521197,488972129,483192089,68166964,409052895,.plz,win32,1,18-Mar-2014,Germany,LZ77,0.27
LZH,◦,SQUISH 1.0 (1992) Mike Albert,,177.3507,,,156074027,573977769,537814040,438834503,596429024,490738753,478931485,68954525,419318894,.squ,dos16,1,25-Sep-1992,United States,LZSS + Huffman + RLE,21.75
LZH,◦,LZC 0.07 (c 10) N.F. Antonio msvcr70.dll,,177.75067,,,172936657,681391203,614642180,401244546,711127696,580529019,438014407,72511166,277990711,.lzc,win32,1,23-Oct-2007,Italy,LZC,6.68
LZH,◦,LZGT3a (2008) Gerald R. Tamayo,☺,180.21751,1214,,158090980,700838346,621124881,425409492,729735998,599469278,481961257,62567819,331269997,.lzt,win32,1,18-Jul-2008,Philippines,LZT (Lempel-Ziv-Tamayo),5.94
LZH,◦,UCL 1.03 M. Oberhumer (Simplyzip),,180.96281,,,148014069,653678795,593672817,454824337,658835333,542961081,511725857,66042985,382852238,.ucl,dos16,1,20-Jul-2004,Germany,LZ derivative,9.93
LZH,◦,Microsoft Compress 1.02 (1993) -a3,,181.14578,15912,,163301497,582222964,559800543,441175011,598705381,491751878,503098229,73413117,405888056,.ta$,dos16,1,9-Jun-1993,United States,LZSS + Huffman,21.05
LZH,◦,Microsoft Compress 1.11 (1999) -a3,,181.14579,5138,,163301501,582222968,559800547,441175015,598705385,491751882,503098233,73413121,405888060,.ta_,dos16,1,1-Nov-1999,United States,LZ,14.65
LZH,◦,ChArc 1.2 (1990) S. Tchernivetzky,,181.21756,,,176645361,604513821,571685309,449838949,595402681,492148770,526388609,65513171,385409574,.chz,dos16,1,6-Dec-1990,Russia,LZ,23.56
LZH,◦,Central Point Shrink (1992),,181.30734,,,156683423,606693416,577854464,460939462,609160704,492148736,524743104,69265389,399527117,.cpz,dos16,1,15-Dec-1993,United States,LZ,20.53
LZH,◦,ARBC2Z (2006) David A. Scott,☺,181.46671,7221,,180515631,551494670,536137124,393382398,605053256,492722427,420229089,90235489,383081243,.arbc2z,win32,1,23-Jun-2006,United States,bijective order-2 PPM,8.01
LZH,◦,ESP 1.92 /M0 /MM2 (1996) GyikSoft,,181.76118,,,226438387,604202398,547605043,635167573,593714653,492262742,376985641,55093521,323962016,.esp,dos16,1,16-May-1996,Hungary,LZSS + Huffman,18.11
LZH,GUI,PKZIP 1.10 Implode max -ei ('90) Phil Katz,,182.41296,,,156721691,606693486,577823670,503220158,609160812,492148854,499915176,69703966,402540441,.zip,dos16,1,15-Mar-1990,United States,Implode (LZW + ShFano),24.28
LZH,◦,QPRESS 1.1 -rL3T12 (2011) Lasse Reinhold,,182.7328,201,,162368147,599535798,569564510,462059456,608872478,491191099,533570647,71610827,395493110,.qp,win64,8,23-Sep-2010,Denmark,LZ variant,3.76
LZH,◦,STZ 0.83 -c2 (2011) Bruno Wyttenbach,,183.44106,111,,163145709,601807761,572174103,460372409,598252514,491659686,545516169,65708379,427484718,.stz,win32,1,19-Mar-2011,France,LZBW2A,3.27
LZH,◦,aPackage 1.14 ('02) Jørgen Ibsen,,183.53921,,,132108152,625020330,577557428,421543283,647658954,535061976,479364367,93353819,379811544,.exe,win32,1,18-Oct-2002,Danmark,LZ77 (aPLib),11.69
LZH,◦,TC 4.3 (2005) Ilya Muravyov,,185.00129,,,186196824,606693377,577854465,432499963,609160705,492148737,479686070,77435107,386163583,.tc,win32,1,25-Sep-2005,Russia,LZC,8.75
LZH,◦,LZF 1.01 (2013) Lehmann & Muravyov,,185.29194,303,,168883279,616427705,574752117,441878827,611950730,502746266,537539981,70859763,414539912,.lzf,win32,1,29-Oct-2013,Germany & Russia,LZ variant,0.66
LZH,GUI,NSK (NaShrinK) 5.0 (1998) NashSoft,,186.16821,,,156683447,660887078,601234654,460939485,662897933,545905595,524743137,69265377,399527142,.nsk,dos16,1,30-Jun-1998,- unknown -,LZ,15.99
LZH,◦,Stirling Compressor 1.3.21 (InstallShield),,186.16822,,,156683460,660887091,601234667,460939498,662897946,545905608,524743150,69265390,399527155,.tsc,dos16,1,26-May-1995,United States,LZ,19.08
LZH,◦,TTCOMP (1993) SWFTE International Ltd.,,186.19988,,,156683423,660887055,601234632,460939462,662897773,545905568,524743071,69352702,399527291,.tt,dos16,1,6-Jul-1993,- unknown -,- unknown -,20.97
LZH,◦,PAK 2.51 (1990) /CR NoGate Consulting,,187.26362,,,173625961,606693417,565695553,426542920,609160745,492148777,494484725,78828772,436304204,.pak,dos16,1,8-Oct-1990,United States,LZ,23.72
LZH,◦,JAM Aug/96 (1996) W.Jiang,☺,188.40202,,,174809940,606691328,574941263,436030884,609160707,492148739,490673754,80097169,436589590,.jam,dos16,1,20-Aug-1996,China,8k LZ78,17.85
LZH,GUI,PKZIP 0.92 -ex Reduce 4  (1989) Phil Katz,,189.7486,,,156721691,606693486,577854572,503220158,596575957,492148854,581732771,73991782,437834493,.zip,dos16,1,6-Mar-1989,United States,LZW + Probabilistic,25.31
LZH,◦,Data-Shrinker (2012) Fu Siyuan,☺,190.15727,40,,165637194,601247817,564432479,487950017,594537076,489448485,544044973,73302434,465372286,.shrinker,win32,1,13-Jun-2012,China,LZ77,2.04
LZH,◦,ST 0.81 -b (2012) Gedo Stefan,,190.95223,11677,,112843675,555962718,492526513,304220495,610169522,504299398,333363963,209375744,183844928,.cmp,win32,1,29-Apr-2012,- unknown -,PPM,2.16
LZH,◦,ZOO 2.10 ah (1991) Rahul Dhesi,,191.71932,,,141176080,571833866,535284982,406530237,609160873,489213065,565989042,93353819,493427189,.zoo,dos16,1,9-Jul-1991,Cuba (?),LZ,22.96
LZH,◦,DWC 5.10 opt. az (1990) Dean W. Cooper,,194.13216,,,186099051,606693437,568483742,430899690,606186456,492148797,528035592,82985191,459677486,.dwc,dos16,1,7-Mar-1990,United States,LZW,24.3
LZH,◦,COMP-2a ('90) -o 7 Mark R. Nelson,☺,194.36256,,,200898731,564580202,507971333,424188867,599527755,486030792,413503032,102358782,446910937,.cmp,dos16,1,25-May-1990,United States,order-1 Context Mixing,24.09
LZH,GUI,AMIGA ShrinkIt / NULIB (16 Bit LZC),☺,194.36431,,,195997345,606682494,566651000,473731970,609142979,492148908,506129491,83488522,426829760,.shk,win32,1,1-Jan-1989,United States,LZW,25.49
LZH,◦,LZP 1.0 (1995-1997) Charles Bloom,,195.58528,,,163454076,632960932,593170002,525546879,624158052,516872723,576797521,67335329,491295874,.lzp,win32,1,15-Aug-1997,United States,LZP,16.86
LZH,◦,THOR 0.96α (2007) e1 Oscar Garcia,,196.17568,,,167722116,606131460,572187758,527015726,635606772,520887712,536880618,73496510,495453892,.thor,win32,1,23-Aug-2007,Spain,fast LZP,6.84
LZH,◦,LZSDEMO 3.1 (1998) Stac Electronics,,197.10762,,,169471045,653153677,594721458,485710305,658520037,541971227,523273961,80157839,460631104,.lzs,dos16,1,6-Apr-1998,United States,LZS,16.22
LZH,◦,LZSS (1989) Haruhiko Okumura,☺,200.54222,,,175805080,669159559,623802200,482895498,667582268,548309361,578394103,79552772,444855793,.lzs,dos16,1,7-Apr-1989,Japan,LZSS,25.22
LZSS,◦,6PACK -2 (16.06.07) ARIya Hidayat,,200.92423,,,182509000,618039712,579734173,501298621,612504017,503418867,563012167,79706045,501362569,.6 (?),win32,1,16-Jun-2007,Indonesia,Fast LZ,7.03
LZSS,◦,LZF 3.6 vf (2011) Marc Lehmann (fsbench),☺,201.03393,33,,185110742,606693376,576448577,493734416,612988659,503004656,554449110,82159471,500269404,.lzf,win32,1,25-Mar-2011,Germany,LZ variant,3.25
LZSS,◦,Microsoft Compress 2.0 (1992),,201.67854,,,177363765,669210135,623873081,483379781,667753166,548340419,578899995,81082678,448598374,.ta_,dos16,1,23-Mar-1992,United States,LZ,22.26
LZSS,GUI,BigCrunch 0.4 RC1 (2006) -mx,☺,203.31665,,,194011924,598846606,543634744,513493911,609160720,492148757,475241310,92929403,511756379,.bc,win32,1,15-Jun-2006,France,LZR + BMA + MTF + BRA,8.03
LZSS,◦,LZW 0.2 (2008) Ilya Muravyov,☺,204.55549,,,182697688,797075030,717363180,477446426,853203820,697759152,573233260,65452242,366196150,.lzw,win32,1,8-Feb-2008,Russia,LZMW,6.38
LZSS,GUI,AMIGA ShrinkIt / NULIB (LZW/2) ,☺,205.4794,,,192652890,599488964,566221133,465607781,597441146,490637404,548036321,92845282,526115123,.shk,win32,1,1-Jan-1989,United States,Dynamic LZW2,25.49
LZSS,◦,oPAQue 1.0 (1999) Dmitry Dvoinikov,,206.41525,,,200830698,606693432,577854520,519912738,609161784,492148792,575376796,90643506,474676462,.paq,dos16,1,21-Feb-1999,Russia,LZ77,15.35
LZSS,GUI,PKZIP 1.10 -es Shrink max (1990) Phil Katz,,206.983,,,201310872,606693486,577854572,515061428,609160812,492148854,556782402,87405414,510258945,.zip,dos16,1,15-Mar-1990,United States,Shrink,24.28
LZSS,◦,DOZ -c (1993) Joe Orost,☺,208.06478,2734,,195520307,726341326,655544695,467983771,803439653,653907317,505757221,83058263,423769057,.doz,dos16,1,30-Jun-1993,- unknown -,LZW,20.99
LZSS,◦,ZOPFLI --i5 (2013) Lode Vandevenne,☺,208.29904,16597,,133035184,606681892,529145911,379711111,609139052,487741695,440331541,53861065,1000000000,.gz,win32,1,2-Mar-2013,Switzerland,LZ77 + Huffman,1.32
CM,◦,MDCD 1.0 (1988) Mike Davenport,,209.10909,,,204122002,606693498,577854586,523659439,609160704,492148856,565988995,93405621,493427142,.cd,dos16,1,23-Oct-1988,Canada,LZW,25.68
LZSS,◦,BPE2 v3 (2010) Will,☺,213.03703,488,,230895612,601090493,568252891,467001226,599506436,491869659,560257802,93575542,530436638,.bpe2,win32,1,12-Feb-2010,- unknown -,Byte Pair Encoding,4.37
LZSS,◦,Jrchive 1.10 (1992) JAYAR Systems,,213.93502,,,206235519,606693441,577854528,530518796,609161757,492148770,575127899,97988096,522334609,.jrc,dos16,1,1-May-1995,Canada,unknown,19.15
LZSS,◦,BLINK 1.0 (1999) DeTrans Software,,214.19947,,,197444817,601356054,575341901,528530777,598375281,491269047,579447071,95096822,564587326,.bli,dos16,1,21-Mar-1999,Spain,RLE + LZE,15.26
LZSS,GUI,AMIGA ShrinkIt / NULIB (LZW/1),☺,215.18825,,,200909716,600072429,566771540,489626559,597903563,490803380,552448788,103774973,568714981,.shk,win32,1,1-Jan-1989,United States,Dynamic LZW1,25.49
LZSS,◦,LZRW1 (1992) Dr. Ross Williams,☺,215.92621,,,197858304,601071104,573760000,536207680,597608960,490857984,573739520,97385984,575679488,.lzr,dos16,1,18-Oct-1992,United States,LZRW1,21.69
LZSS,◦,SPLINT 2.1 ('89) -e Rikitake / Wakatabe,☺,216.10762,,,199571542,681373285,603277109,498362339,716031334,586158474,504918639,101283585,503408283,.spl,dos16,1,12-Apr-1989,Japan,SPLAY Trees,25.21
LZSS,◦,SHARC 0.9.6 -c1 (2013) Guillaume Voirin,☺,216.47972,190,,215032464,603177518,567965222,479666248,602049860,491790752,550634498,106248148,546406448,.sha,win64,1,1-Aug-2013,- unknown -,Dictionary Coding,0.9
CM,◦,ARCA 1.29 (1987) W.Chin / V.Buerg,,222.3775,,,207668511,793059566,703829315,523011059,604469287,492941891,576242256,97337581,517547331,.arc,dos16,1,12-Sep-1987,Canada,LZ,26.79
LZSS,◦,FPAQ 0pv4b M. Mahoney & E.Shelwien,☺,223.91471,269,,221407712,551428114,531374502,494997780,602838200,494512998,426133150,126109568,630848104,.fpaq,win32,1,18-Apr-2008,USA & Russia,order-0 arithmetic coder,6.19
LZSS,◦,FPAQa ('07) M. Mahoney & J. Duda,☺,223.99937,,,221616869,551759086,531757796,495303273,603191503,494813225,426346134,126010691,631241983,.fpaqa,win32,1,15-Dec-2007,United States,Order 0 + asymmetric Binary Coder,6.53
LZSS,,FPAQ 0pv5 M. Mahoney & N.F.Antonio,☺,224.3671,390,,221883497,552234494,532157646,496183959,603730654,495218678,427197582,126387796,632153014,fpaq0pv5,win32,1,6-Apr-2008,United States,Order 0 ARI,6.22
LZSS,◦,MTCompressor64 1.0 David Catt,,225.32563,222,,187379609,939239274,824572486,526511196,908024207,745677863,666612277,72765155,389368955,.mt,win64,8,20-Jan-2012,Canada,LZ77,2.43
LZSS,◦,JARCS 0.94 -C4 -S (1995) Junichi Uekawa,,229.87345,,,202266867,669307213,541801280,593059971,668130019,548761681,581878559,103649178,627182671,.jar,dos16,1,27-Jan-1995,England,LZ77 + Huffman / RLE,19.41
LZSS,GUI,WinBcomp 0.1 (1999) Bruno Riviere,,231.73913,,,206509238,782242543,698281620,532228408,809280806,665070456,575982829,98181472,524629347,.bcp,win32,1,28-Jan-1999,France,early LZW,15.41
LZSS,GUI,M99 (2001) Michael A. Maniscalco,,233.2784,721,,227850479,579734564,555805771,529250421,630022731,517048693,430602927,130692325,662483540,.m99,win32,1,2-Jan-2001,- unknown -,After Radix BWT,13.48
LZSS,◦,TinyLZP 0.1 (2012) David Catt,☺,233.51563,113,,206525650,615096595,594557580,666400747,593363441,492018662,632294951,90349800,709428979,.tinylzp,win64,1,12-Oct-2012,Canada,LZP,1.71
LZSS,◦,MAR 1.0 -e:-ah0- (1994) Haruhiko Okumura,,239.43533,,,241449752,573751764,541801280,496340983,600843363,491155368,522098407,137751228,672486751,.mar,dos16,1,28-Apr-1994,Japan,Huffman / LZS / LZW,20.16
LZSS,◦,FIN (1991) Puttonen & Raita & Teuhola,☺,243.6391,,,214828663,663276049,623281118,625482827,666903149,546884027,607948948,114850295,673675014,.fin,dos16,1,19-Apr-1991,Finland,- unknown -,23.19
LZSS,◦,WSL 0.01 -b16384d64l50 Sergeo Sizikov,☺,245.39247,253,,317034522,606693570,572360190,518154062,609161922,492148895,601275565,143621256,474403693,.wsl,win32,1,4-Jul-2009,Russia,BWT,4.98
LZSS,◦,NTFS (file system compression),,252.04397,95,,235315200,601718784,575811584,586432512,608722944,491913216,595677184,154152960,657330176,unchanged,win64,1,1-Jul-1995,United States,LZSS,18.99
LZSS,◦,SPLAY (1988) Kim Kokkonen,☺,261.41042,,,256117773,648629919,626216114,589582653,717762267,590100445,485682401,146366292,733470937,.spl,dos16,1,16-Aug-1988,United States,SPLAY Trees,25.86
LZSS,◦,LZP (2008) Dmitry Shkarin,☺,261.73745,67,,246014863,606693380,572975512,668385041,589664714,492148740,602023590,122244724,874838690,.lzp,win32,1,12-Jul-2008,Russia,LZP,5.96
LZSS,◦,NICE (2003) S. Pötschner & W. Scherer,☺,262.94967,,,275635849,582521265,568609373,556808953,604188849,492348145,562139557,150729517,779928541,.nice,win32,1,24-Jun-2003,Germany,RLE + Huffman,11.01
LZSS,◦,ARG 1.00.001 beta (1994) Igor Pavlov,☺,269.37341,,,287218511,583505462,571535628,558792198,608442034,492019651,583143432,160260179,778930993,.arg,dos16,1,5-Jun-1994,Russia,Static Huffman,20.06
LZSS,◦,Packer 4.0β (2010) Piotr Rydz,,273.31937,5270,,306091450,623848132,575728866,708587093,606814720,494959737,589767994,135002272,806904414,.prnrw,win32,1,14-Jun-2010,Poland,eRLE + DIC,4.03
LZSS,◦,REDUQ 1.2 (2001) Jacco Mintjes,,276.70105,,,292592712,597566038,576963261,570980282,608569854,492149020,595498659,167891040,806674258,.rdq,dos16,1,27-Aug-2001,Netherlands,RLE,12.83
LZSS,GUI,AMIGA ShrinkIt / NULIB (Squeeze),☺,296.02898,,,305785086,604797095,567214866,708300890,603157765,492148908,568399840,188305863,878317802,.shk,win32,1,24-Nov-1986,United States,RLE + Huffman,27.59
LZSS,◦,SMILE256 -e (2004) Andrew Frolov,☺,298.98415,,,266580164,1023481474,890561709,723851863,1102560485,902536014,650348104,133781250,638371905,.smi,dos16,1,12-May-2004,Ukraine,MTF + Elias Gamma,10.12
CM,◦,SQPC 1.31 (1986) Richard Greenlaw,,301.17699,,,305784934,605247633,577099663,708300737,604792372,493170688,605362959,188305715,922319710,.tqr,dos16,1,2-Mar-1986,Canada,early LZW,28.32
LZSS,◦,SLIM 1.10 opt. 9 (1991) Dominic Herity,,303.1152,,,302140962,606681892,577835051,685043925,609161728,492148736,633510400,197278527,907860725,.tar,dos16,1,20-Feb-1991,Ireland,- unknown -,23.35
LZSS,◦,BTSPK 3.60b β1 (1998) Joszef Hidasi,,306.67099,,,305958700,605585568,577360168,708744836,604942600,493335696,605575172,188662140,993349340,.bts,dos16,1,17-Nov-1998,Hungary,- unknown -,15.61
LZSS,◦,RLC (2007) Bindesh Kumar Singh,☺,311.23258,545,,314657555,604234832,573743349,708722090,602902794,491293639,612905625,195851931,999548758,.rlc,win32,1,18-Sep-2006,India,RLE,7.77
LZSS,◦,GAS 2.0 (1993) ISP; Ricky Bhatti,,313.55782,,,558793009,583506273,571536438,558793009,608442090,492020461,583144232,160279490,778930767,.gas,dos16,1,10-May-1993,Canada,Static Huffman,21.13
LZSS,GUI,7-ZIP 9.2.9 no compression (store),☺,316.20824,,,327879378,606682636,577835885,709268653,609140224,492104985,633483161,200161858,1000000336,.7z,win64,1,16-Sep-2011,Russia,none,2.78
LZSS,◦,TAR (Tape Archive) (2011) 7-Zip 9.29,,320.99282,,,336186368,606693376,577854464,711358464,609161728,492148736,633510400,209375744,1000009216,.tar,win64,1,16-Sep-2011,Russia,none,2.78
CM,◦,LZWCOM (1985) Kent Williams,☺,348.18488,,,370236272,823195607,899777684,682430303,885160026,698480738,765346757,183328407,1006727888,.lzw,dos16,1,15-Apr-1985,United States,LZW,29.2
